Image,PSNR,SSIM,MAE,LPIPS,DeltaE,Category
blur_1.png,31.098573816607306,0.8562581,0.014110983,0.14090287685394287,1.3459830284118652,good
blur_2.png,31.20756609890426,0.900698,0.011742086,0.14198623597621918,1.5388611555099487,good
blur_3.png,32.00810172658166,0.8808349,0.012640283,0.1304835081100464,1.439409852027893,good
blur_4.png,27.930958341709125,0.81312627,0.017292125,0.20926889777183533,1.6201810836791992,neutral
blur_5.png,31.841379509353544,0.86394215,0.013129505,0.11504250019788742,1.5267733335494995,good
blur_6.png,28.720651885667664,0.8036508,0.016227366,0.17721980810165405,1.6483114957809448,neutral
blur_7.png,30.065562537013506,0.87273246,0.0138301775,0.14067065715789795,1.854827642440796,good
blur_8.png,30.019981424208908,0.8377659,0.014602877,0.1834220141172409,1.4619048833847046,good
blur_9.png,30.145355564182957,0.88582516,0.012388204,0.17819465696811676,1.622469186782837,good
blur_10.png,32.29691181665941,0.8813754,0.012209768,0.13839146494865417,1.8349013328552246,good
blur_11.png,28.471386971540518,0.8553702,0.014922584,0.2091139405965805,1.6341454982757568,neutral
blur_12.png,30.110544369062772,0.85027003,0.014075965,0.17947490513324738,1.5725716352462769,good
blur_13.png,29.75175693445857,0.8743389,0.013382939,0.1662277728319168,1.5769132375717163,neutral
blur_14.png,28.30828135003867,0.80004185,0.016939737,0.19069601595401764,1.612474799156189,neutral
blur_15.png,28.478856944595034,0.8713816,0.0140635045,0.1943504810333252,1.6725059747695923,neutral
blur_16.png,27.921653409162136,0.7787628,0.018622272,0.21164000034332275,1.799891471862793,neutral
blur_17.png,28.532864013598992,0.81394726,0.017326636,0.2103339433670044,1.6578426361083984,neutral
blur_18.png,31.856803220022968,0.903125,0.011929092,0.1269724816083908,1.7495739459991455,good
blur_19.png,28.02496431124645,0.79811,0.017586453,0.1782551407814026,1.7979605197906494,neutral
blur_20.png,30.204171313727333,0.8867092,0.013075442,0.1327054351568222,1.6784086227416992,good
blur_21.png,20.145095952791205,0.678377,0.045594424,0.17476607859134674,3.253546953201294,neutral
blur_22.png,23.716035280621686,0.78063685,0.0314394,0.10490363091230392,2.903088331222534,neutral
blur_23.png,24.253655326472703,0.82370883,0.029364653,0.14419932663440704,2.604123592376709,neutral
blur_24.png,27.95529009597175,0.8996734,0.022566758,0.0933317095041275,2.5049779415130615,neutral
blur_25.png,25.97706398334747,0.8590204,0.026594887,0.1154966801404953,2.8077309131622314,neutral
blur_26.png,30.949505365063498,0.9384094,0.019533502,0.045245494693517685,2.58514142036438,good
blur_27.png,22.75360693573155,0.79431885,0.03267793,0.15354801714420319,2.6332991123199463,neutral
blur_28.png,25.806568833473534,0.8708708,0.026579045,0.09110105037689209,2.720397472381592,neutral
blur_29.png,23.870551235819974,0.79059786,0.031525914,0.11143921315670013,2.7454028129577637,neutral
blur_30.png,30.23851664401232,0.9324817,0.019966286,0.053153976798057556,2.4593911170959473,good
blur_31.png,27.561715465868524,0.88338715,0.023301257,0.09622377157211304,2.708301544189453,neutral
blur_32.png,24.457427450278853,0.8086564,0.029888479,0.09457889199256897,2.8342301845550537,neutral
blur_33.png,28.671049648593936,0.91398686,0.021750754,0.08593807369470596,2.570610761642456,neutral
blur_34.png,27.006519820630537,0.88440156,0.024213217,0.09854739159345627,2.6951866149902344,neutral
blur_35.png,29.519472767634024,0.9214365,0.020874554,0.08078944683074951,2.4505181312561035,neutral
blur_36.png,28.928158348409596,0.9148348,0.021618446,0.06851290166378021,2.4289238452911377,neutral
blur_37.png,18.888383135123888,0.66500306,0.05080076,0.2450997680425644,2.9907655715942383,bad
blur_38.png,28.357911734884553,0.89766604,0.022407122,0.07471359521150589,2.3600473403930664,neutral
blur_39.png,26.794821901617453,0.87094885,0.02448385,0.08962194621562958,2.6830005645751953,neutral
blur_40.png,26.016738651058944,0.7968822,0.029410234,0.11647878587245941,1.8348147869110107,neutral
blur_41.png,30.10888665874944,0.8938434,0.020246962,0.06874214112758636,2.0111734867095947,good
blur_42.png,29.730557303603923,0.9020674,0.02355034,0.06137523427605629,1.9913445711135864,neutral
blur_43.png,25.287297493872146,0.7689279,0.032461647,0.15686951577663422,3.840712547302246,neutral
blur_44.png,27.194968698290765,0.8311278,0.026625978,0.06601294130086899,1.8416495323181152,neutral
blur_45.png,26.02953540624021,0.8068339,0.030329043,0.07424519956111908,1.615728735923767,neutral
blur_46.png,27.17204609390692,0.8186751,0.02620327,0.10748263448476791,2.453986883163452,neutral
blur_47.png,25.4070593039436,0.7659561,0.031133374,0.14882278442382812,1.9128444194793701,neutral
blur_48.png,24.496836669441755,0.72447044,0.0356964,0.21953360736370087,5.9946675300598145,neutral
blur_49.png,29.538866318148266,0.8921682,0.021348352,0.06133812665939331,1.4139790534973145,neutral
blur_50.png,23.85283341457542,0.7105455,0.037226725,0.20270992815494537,3.3018598556518555,neutral
blur_51.png,25.73969203576533,0.7914121,0.032989603,0.18334366381168365,2.0043628215789795,neutral
blur_52.png,28.768595357503514,0.88122064,0.024834959,0.06675110757350922,2.210294485092163,neutral
blur_53.png,28.20803471046586,0.8734095,0.024369208,0.0822247788310051,2.0232725143432617,neutral
blur_54.png,29.30239374941799,0.90043193,0.023681277,0.07382744550704956,2.3263278007507324,neutral
blur_55.png,25.305963481662943,0.76140827,0.032031458,0.15799210965633392,2.7191147804260254,neutral
blur_56.png,26.920535329794447,0.83827966,0.02636663,0.06947913765907288,2.079514741897583,neutral
blur_57.png,26.017158944554527,0.77610856,0.029455679,0.08396950364112854,3.038372755050659,neutral
blur_58.png,23.47018652628199,0.66110665,0.038869973,0.13915292918682098,2.1107115745544434,neutral
blur_59.png,25.68168080285089,0.7824211,0.031111965,0.07313457131385803,1.820151925086975,neutral
blur_60.png,25.167898197179973,0.9423463,0.04410844,0.047281838953495026,1.829880714416504,neutral
blur_61.png,23.414119123578526,0.79468966,0.04517233,0.2006484866142273,2.461709499359131,neutral
blur_62.png,27.382707923666505,0.8978929,0.030210892,0.07523505389690399,2.2371487617492676,neutral
blur_63.png,25.491469678884506,0.914368,0.04114669,0.062058936804533005,1.8166859149932861,neutral
blur_64.png,27.150890835604727,0.8860981,0.02688531,0.06808146089315414,1.9979829788208008,neutral
blur_65.png,26.412697815781307,0.8616938,0.030792182,0.06353931128978729,1.971762776374817,neutral
blur_66.png,25.992423727283555,0.8963211,0.03487134,0.06619630008935928,2.4933230876922607,neutral
blur_67.png,25.069852115826944,0.92982477,0.044325765,0.05954945087432861,1.9273388385772705,neutral
blur_68.png,27.69653510580289,0.8973214,0.028441673,0.08142121136188507,1.700647234916687,neutral
blur_69.png,27.582449844692427,0.93813586,0.031173429,0.0485188327729702,1.7415151596069336,neutral
blur_70.png,22.35478953329638,0.86722755,0.063241236,0.11640622466802597,3.1471779346466064,neutral
blur_71.png,22.809265730538925,0.8642022,0.059980135,0.10549332201480865,3.1014249324798584,neutral
blur_72.png,25.03309534175481,0.8551766,0.04058653,0.11764300614595413,2.0335710048675537,neutral
blur_73.png,25.708899318345132,0.86169547,0.032299574,0.1171322911977768,1.7203781604766846,neutral
blur_74.png,28.090460173728967,0.8972617,0.025932437,0.0876072347164154,2.035505533218384,neutral
blur_75.png,23.01353781537295,0.91191965,0.059995398,0.0700121521949768,3.173658609390259,neutral
blur_76.png,23.62075686129133,0.83242124,0.042934958,0.1452399641275406,2.3729190826416016,neutral
blur_77.png,22.188004752846304,0.87159485,0.06519636,0.10733124613761902,3.2008907794952393,neutral
blur_78.png,23.83426822386209,0.88775426,0.05298983,0.06938020884990692,2.1768922805786133,neutral
blur_79.png,29.60343885007778,0.9413419,0.025271721,0.032554540783166885,1.7719403505325317,neutral
blur_80.png,32.00474052100277,0.9463026,0.020101158,0.03202705457806587,1.931562900543213,good
blur_81.png,32.689892664943116,0.94776917,0.018691197,0.04216890409588814,1.9096195697784424,good
blur_82.png,32.01657385189619,0.9417832,0.019789046,0.059840910136699677,1.8961740732192993,good
blur_83.png,31.440422292953507,0.9220328,0.020269742,0.06408416479825974,1.9222607612609863,good
blur_84.png,30.965353573133783,0.9176429,0.021309553,0.0653536319732666,1.8738917112350464,good
blur_85.png,30.281560246405753,0.90104693,0.022209516,0.07803966104984283,2.064255714416504,good
blur_86.png,32.68373879863849,0.94676274,0.018657083,0.04202158376574516,1.8996261358261108,good
blur_87.png,32.582105531936215,0.94752437,0.018848883,0.04963009059429169,1.946912407875061,good
blur_88.png,32.12087736344831,0.9317289,0.01965353,0.06997678428888321,2.0038392543792725,good
blur_89.png,31.43266888573168,0.9124408,0.01995848,0.044921502470970154,1.873343825340271,good
blur_90.png,32.379712481687136,0.9467316,0.019193819,0.04191521927714348,1.9286092519760132,good
blur_91.png,32.00047304796906,0.9430766,0.019748831,0.050981730222702026,1.9428369998931885,good
blur_92.png,32.24490509928462,0.9484133,0.01949484,0.0561644621193409,1.894696831703186,good
blur_93.png,32.83665817301136,0.94857925,0.018478498,0.033729925751686096,1.9064373970031738,good
blur_94.png,31.399383456500626,0.9175375,0.020912051,0.07025725394487381,1.9464346170425415,good
blur_95.png,32.514349674589475,0.9464806,0.018984744,0.039663296192884445,2.0235869884490967,good
blur_96.png,32.945628879948686,0.95395994,0.0184252,0.031230974942445755,1.9155912399291992,good
blur_97.png,31.02895116358928,0.90960354,0.021010084,0.0489843487739563,1.9108383655548096,good
blur_98.png,32.04964817468639,0.9431161,0.019472174,0.03905383497476578,1.94126558303833,good
blur_99.png,31.986078792019693,0.9323189,0.01990623,0.06013316288590431,1.9912254810333252,good
blur_100.png,24.735832098931848,0.7709675,0.037876144,0.12259969115257263,2.687164306640625,neutral
blur_101.png,23.40666167437388,0.7082751,0.039423592,0.23517580330371857,3.506080389022827,neutral
blur_102.png,26.260737620686868,0.8258929,0.028980592,0.15678204596042633,3.3236083984375,neutral
blur_103.png,24.311934705082386,0.74131244,0.035878155,0.16896584630012512,3.570765733718872,neutral
blur_104.png,24.01914832916426,0.74269205,0.03657265,0.1788339465856552,3.231323003768921,neutral
blur_105.png,23.111058997487554,0.6940678,0.043943424,0.24476110935211182,3.0546953678131104,neutral
blur_106.png,25.27167868231477,0.8073773,0.030842071,0.12775935232639313,3.031496047973633,neutral
blur_107.png,21.64691272312823,0.6314674,0.048039824,0.19625845551490784,3.6671090126037598,neutral
blur_108.png,22.867093297748454,0.7287275,0.042082578,0.18682999908924103,3.7964284420013428,neutral
blur_109.png,29.812322266039466,0.91116124,0.023059307,0.08707790821790695,2.470823287963867,neutral
blur_110.png,23.85550758822765,0.7549297,0.038106855,0.1885322630405426,3.084228277206421,neutral
blur_111.png,23.000951939536574,0.6687953,0.04134805,0.17265303432941437,3.25791597366333,neutral
blur_112.png,26.670191712156246,0.864394,0.029367007,0.10880745947360992,2.7378859519958496,neutral
blur_113.png,26.883245219421433,0.84162474,0.028155798,0.1256849616765976,3.0835750102996826,neutral
blur_114.png,24.91187168092487,0.7604832,0.034674283,0.18296462297439575,2.8175442218780518,neutral
blur_115.png,25.742997073715507,0.79980135,0.029912258,0.11390168964862823,2.968548059463501,neutral
blur_116.png,25.610587527650534,0.83334327,0.035766643,0.12724338471889496,3.0291547775268555,neutral
blur_117.png,27.630056718131435,0.8603671,0.02632168,0.11427180469036102,2.7369208335876465,neutral
blur_118.png,21.947603369332555,0.6248681,0.04690985,0.2560274004936218,3.958611488342285,neutral
blur_119.png,21.60663569093629,0.56720227,0.050884973,0.2812422215938568,2.69911789894104,neutral
blur_120.png,26.219966278707354,0.8159991,0.031443235,0.10000784695148468,2.4580891132354736,neutral
blur_121.png,23.281804169594203,0.662163,0.040580254,0.17223432660102844,2.742255687713623,neutral
blur_122.png,26.79425152708145,0.81749153,0.02938073,0.11464203894138336,2.36031436920166,neutral
blur_123.png,23.776121332037924,0.7145185,0.037981413,0.19685497879981995,2.6879677772521973,neutral
blur_124.png,22.590957367539332,0.6397274,0.04485034,0.32664501667022705,3.7211291790008545,neutral
blur_125.png,22.142078669626027,0.6216256,0.04615288,0.3469597101211548,3.067549467086792,neutral
blur_126.png,25.616861447973438,0.77451926,0.032114122,0.1304699182510376,2.0274651050567627,neutral
blur_127.png,23.113663598556478,0.68504316,0.041163974,0.2472108006477356,2.4370322227478027,neutral
blur_128.png,23.927839171805015,0.7327507,0.038004752,0.18481604754924774,2.660889148712158,neutral
blur_129.png,22.96276753351453,0.6231795,0.042567786,0.16889843344688416,2.450490951538086,neutral
blur_130.png,26.381939495383463,0.7970802,0.030950332,0.11704553663730621,2.3551931381225586,neutral
blur_131.png,21.5032769245434,0.52630043,0.051390816,0.20177963376045227,2.993990182876587,neutral
blur_132.png,25.537713046375252,0.7913262,0.032831136,0.11761028319597244,2.9331629276275635,neutral
blur_133.png,23.821657948667134,0.70325357,0.03875723,0.19567681849002838,3.177339792251587,neutral
blur_134.png,22.819401826630653,0.63685745,0.044415582,0.2529333829879761,3.259096384048462,neutral
blur_135.png,25.817744494766476,0.7994909,0.03122369,0.10504135489463806,2.4575085639953613,neutral
blur_136.png,25.276528034789855,0.7910664,0.03678184,0.1341359168291092,2.9189507961273193,neutral
blur_137.png,26.33937733045051,0.8390406,0.034030918,0.06504110991954803,2.5274345874786377,neutral
blur_138.png,22.060292771651575,0.62041515,0.054245006,0.28058722615242004,3.8434040546417236,neutral
blur_139.png,24.7719232520248,0.7596796,0.03405529,0.13658727705478668,2.518827199935913,neutral
blur_140.png,25.869061222251467,0.80535674,0.034184936,0.10223573446273804,2.7598490715026855,neutral
blur_141.png,22.593050406319584,0.6391941,0.051278472,0.2905479967594147,3.5274627208709717,neutral
blur_142.png,23.824269570498192,0.6946523,0.04182397,0.1731642335653305,3.650425434112549,neutral
blur_143.png,24.292830850367473,0.7411847,0.040817168,0.1794305145740509,3.078397035598755,neutral
blur_144.png,24.12785090577853,0.7133638,0.037915457,0.1365390121936798,3.519726037979126,neutral
blur_145.png,23.54654637863718,0.6947589,0.043743,0.13235896825790405,3.4441275596618652,neutral
blur_146.png,20.699063035089516,0.5563702,0.06157151,0.4278377890586853,6.830562591552734,neutral
blur_147.png,26.288104763308514,0.80897975,0.03284062,0.08721448481082916,2.6812081336975098,neutral
blur_148.png,22.57616737693427,0.6058749,0.049750477,0.339949369430542,2.979518413543701,neutral
blur_149.png,22.34584629705512,0.57226056,0.050817896,0.2240132987499237,3.4300012588500977,neutral
blur_150.png,28.919636430781225,0.910296,0.027893119,0.03664880245923996,2.219832181930542,neutral
blur_151.png,24.361310387946542,0.73852205,0.03720278,0.17193099856376648,3.740875244140625,neutral
blur_152.png,23.800261899972334,0.7368181,0.0427261,0.16120228171348572,3.0972306728363037,neutral
blur_153.png,24.09885387780085,0.68926257,0.043099478,0.10346923023462296,3.5386714935302734,neutral
blur_154.png,27.15628261846853,0.87322235,0.030126095,0.06584227085113525,2.8278849124908447,neutral
blur_155.png,29.117653591485148,0.9102187,0.026173467,0.04615083709359169,2.1073312759399414,neutral
blur_156.png,25.202608062705814,0.8275645,0.03149879,0.10170898586511612,2.082101345062256,neutral
blur_157.png,23.48143419624499,0.779864,0.04294856,0.14621199667453766,2.5887742042541504,neutral
blur_158.png,25.36225477691908,0.825597,0.032452032,0.1254393309354782,2.2298243045806885,neutral
blur_159.png,19.428041281640414,0.628416,0.06605501,0.3704403042793274,2.853569269180298,bad
blur_160.png,25.644800037194216,0.84481436,0.034341548,0.08181960880756378,2.299609422683716,neutral
blur_161.png,29.490069759073364,0.91610074,0.02307617,0.06475808471441269,1.9648131132125854,neutral
blur_162.png,26.346962060626527,0.8817652,0.03569013,0.07319536060094833,2.6014275550842285,neutral
blur_163.png,23.657979926148144,0.79741985,0.040283684,0.14797566831111908,2.1412389278411865,neutral
blur_164.png,27.477499355006447,0.8746615,0.027529038,0.08641882240772247,2.1183550357818604,neutral
blur_165.png,25.341805044704834,0.83286554,0.03041519,0.09867525845766068,2.0756821632385254,neutral
blur_166.png,23.654138618928044,0.78202766,0.036214266,0.15735892951488495,2.1909143924713135,neutral
blur_167.png,26.05592229606186,0.82995003,0.030558387,0.09474898874759674,2.4246692657470703,neutral
blur_168.png,25.470931991176045,0.8510609,0.031765968,0.11990360915660858,2.080625534057617,neutral
blur_169.png,20.239670943236206,0.5662739,0.05910485,0.27401140332221985,2.6420629024505615,neutral
blur_170.png,22.243962635849126,0.6823779,0.044067204,0.1849864274263382,2.3374955654144287,neutral
blur_171.png,23.72232039550619,0.7864888,0.036403168,0.12801937758922577,2.339132308959961,neutral
blur_172.png,27.268993846385925,0.87853116,0.028380563,0.0806652158498764,2.400076389312744,neutral
blur_173.png,24.313808083812383,0.8281643,0.024901172,0.1302434504032135,2.380340099334717,neutral
blur_174.png,21.989396643481083,0.7140746,0.034391984,0.21225082874298096,2.4936411380767822,neutral
blur_175.png,28.90143679008372,0.9147038,0.018085267,0.0815674215555191,2.1515631675720215,neutral
blur_176.png,27.97427408066884,0.88125706,0.018725453,0.1258416771888733,2.1977062225341797,neutral
blur_177.png,24.057174694889014,0.842138,0.023509845,0.14729000627994537,2.1249797344207764,neutral
blur_178.png,28.13105548986771,0.8919379,0.018224724,0.07219996303319931,2.118290424346924,neutral
blur_179.png,27.76555030722794,0.89717704,0.019702308,0.11324727535247803,2.239557981491089,neutral
blur_180.png,28.18643429966825,0.9051795,0.017858932,0.1023462563753128,2.1175479888916016,neutral
blur_181.png,23.660633514540763,0.811372,0.027344255,0.180014505982399,2.181723117828369,neutral
blur_182.png,27.49594017223387,0.8785345,0.019986216,0.09642264246940613,2.375243663787842,neutral
blur_183.png,27.37804189924802,0.89606476,0.021861484,0.08935973793268204,2.385303497314453,neutral
blur_184.png,26.227457541109,0.87109715,0.022266278,0.12843501567840576,2.1202797889709473,neutral
blur_185.png,30.07280164821357,0.916615,0.016289005,0.07017267495393753,2.094616174697876,good
blur_186.png,26.074131113041226,0.8349705,0.022163888,0.1202273741364479,2.2343223094940186,neutral
blur_187.png,25.322451879603012,0.86223084,0.023335429,0.13152962923049927,2.249772787094116,neutral
blur_188.png,26.414601776051484,0.85721856,0.021716475,0.08417019993066788,2.3070156574249268,neutral
blur_189.png,26.490495942013457,0.8688677,0.020590665,0.11479831486940384,2.2968897819519043,neutral
blur_190.png,25.476924079406544,0.8614854,0.021718407,0.13055619597434998,1.9788693189620972,neutral
blur_191.png,24.412034947790247,0.8313448,0.026138723,0.13533048331737518,2.535212755203247,neutral
blur_192.png,28.721117366055523,0.9085774,0.019193713,0.08646771311759949,1.935255527496338,neutral
blur_193.png,22.086724061493605,0.64774776,0.037422355,0.1556490808725357,1.1565327644348145,neutral
blur_194.png,27.138420039682142,0.8519264,0.022386193,0.11324109137058258,1.1660016775131226,neutral
blur_195.png,26.13077519648632,0.8121895,0.02339985,0.20746326446533203,1.2509276866912842,neutral
blur_196.png,24.10989456729615,0.7665238,0.0294287,0.17251242697238922,1.2653502225875854,neutral
blur_197.png,23.181561654942367,0.699362,0.034363344,0.25461870431900024,1.3488985300064087,neutral
blur_198.png,24.087118898553484,0.74266624,0.029939579,0.11603961884975433,1.220397710800171,neutral
blur_199.png,23.251383742015527,0.7029082,0.0328638,0.12963661551475525,1.3029953241348267,neutral
blur_200.png,29.352365497211046,0.89287156,0.017778,0.06167636811733246,1.245023488998413,neutral
blur_201.png,23.983103860618485,0.75198793,0.02977688,0.14488019049167633,1.3007732629776,neutral
blur_202.png,23.604486107307203,0.7272718,0.03129628,0.14356333017349243,1.3285220861434937,neutral
blur_203.png,26.84619968728169,0.84829396,0.022105582,0.09512206166982651,1.2784967422485352,neutral
blur_204.png,29.91970289033742,0.8952127,0.016508756,0.04883220046758652,1.1694923639297485,neutral
blur_205.png,24.916780998027864,0.77923137,0.027017942,0.16517430543899536,1.2850944995880127,neutral
blur_206.png,21.951565839823218,0.66068274,0.038012903,0.10370165854692459,1.183463215827942,neutral
blur_207.png,22.331341114024834,0.68456346,0.037715245,0.24534231424331665,1.21389639377594,neutral
blur_208.png,24.161137979510734,0.76403326,0.029392064,0.12459965795278549,1.3119614124298096,neutral
blur_209.png,24.2209925329723,0.76264304,0.029313676,0.11264816671609879,1.2188587188720703,neutral
blur_210.png,23.621653994023568,0.7269183,0.031120932,0.09767249971628189,1.1270381212234497,neutral
blur_211.png,22.071271170083765,0.6436371,0.03972077,0.2486499398946762,1.2888107299804688,neutral
blur_212.png,22.223815887432533,0.67325354,0.036540728,0.13538877665996552,1.2953726053237915,neutral
blur_213.png,24.45497435667012,0.8323953,0.04016097,0.045379169285297394,2.4399983882904053,neutral
blur_214.png,23.641033843894135,0.76518035,0.041824657,0.12985765933990479,3.843834400177002,neutral
blur_215.png,28.122832702745725,0.91226107,0.028947705,0.02493206225335598,1.6575151681900024,neutral
blur_216.png,26.44036276868129,0.88355917,0.034054905,0.057266756892204285,1.2296020984649658,neutral
blur_217.png,23.57290574412326,0.7313581,0.043030422,0.24054548144340515,3.8982150554656982,neutral
blur_218.png,25.649600435880366,0.8588813,0.036644887,0.05862109363079071,3.310986280441284,neutral
blur_219.png,22.17728151517518,0.63032985,0.049712762,0.06620347499847412,2.5227510929107666,neutral
blur_220.png,28.438647233691587,0.9035554,0.027932338,0.028916452080011368,1.924742341041565,neutral
blur_221.png,21.84754892074072,0.60775024,0.052687984,0.15446624159812927,4.5016255378723145,neutral
blur_222.png,23.472051618821986,0.7379926,0.044849206,0.09070710092782974,2.533687114715576,neutral
blur_223.png,25.471768147471806,0.82679915,0.036138147,0.05490520969033241,2.6484925746917725,neutral
blur_224.png,28.138274501341826,0.92271256,0.030647153,0.02489820122718811,2.5162134170532227,neutral
blur_225.png,28.55426834580203,0.9276039,0.028179677,0.03493041545152664,2.7014355659484863,neutral
blur_226.png,27.294505211705772,0.8914762,0.030357078,0.030095688998699188,1.8549081087112427,neutral
blur_227.png,29.71099916823205,0.933239,0.025384875,0.025213556364178658,2.0000839233398438,neutral
blur_228.png,21.26295887208968,0.6060993,0.055646133,0.3335087299346924,3.240100622177124,neutral
blur_229.png,21.595405442041834,0.6404318,0.051346093,0.2975601553916931,3.799581527709961,neutral
blur_230.png,25.105837660616764,0.83199793,0.03631967,0.10502447932958603,2.656350612640381,neutral
blur_231.png,23.881599221967058,0.74053454,0.041909266,0.18520353734493256,3.0268616676330566,neutral
blur_232.png,26.229648660231643,0.8722887,0.034523264,0.0779864713549614,3.359095335006714,neutral
blur_233.png,26.076369113376444,0.7853125,0.025655612,0.1681666523218155,2.7906131744384766,neutral
blur_234.png,28.702223454828033,0.8396222,0.020697633,0.10087252408266068,3.107072114944458,neutral
blur_235.png,22.298545148948733,0.7081578,0.03543214,0.26837703585624695,4.928719520568848,neutral
blur_236.png,27.15661307921556,0.84356433,0.022014016,0.11260327696800232,3.9808897972106934,neutral
blur_237.png,26.499030851053487,0.7824312,0.026358401,0.1659727692604065,2.914235830307007,neutral
blur_238.png,27.405297286795527,0.833729,0.021659868,0.1378452330827713,3.129784107208252,neutral
blur_239.png,29.819528326518004,0.8722175,0.018809453,0.10419390350580215,3.189509868621826,neutral
blur_240.png,27.433535869712134,0.8460644,0.022323867,0.12061367928981781,4.406804084777832,neutral
blur_241.png,25.357828565909312,0.75094587,0.02773804,0.1993020474910736,3.494351863861084,neutral
blur_242.png,22.34529585103524,0.63064724,0.038693454,0.23560766875743866,4.927131175994873,neutral
blur_243.png,25.43232105276131,0.76361275,0.027618317,0.1770019829273224,3.0136473178863525,neutral
blur_244.png,23.44924078330646,0.72036725,0.03282726,0.15782871842384338,3.4249625205993652,neutral
blur_245.png,28.305393917764615,0.8350969,0.021560898,0.11107414215803146,4.171645164489746,neutral
blur_246.png,30.034728912173627,0.8773875,0.018697916,0.11525781452655792,2.4046528339385986,good
blur_247.png,31.188377796277074,0.8905193,0.017311422,0.08292800188064575,2.7828545570373535,good
blur_248.png,26.134924122085792,0.76018935,0.025644243,0.13073119521141052,3.1991019248962402,neutral
blur_249.png,22.99942821859284,0.7045157,0.03389491,0.1807888001203537,3.994344472885132,neutral
blur_250.png,24.71222326836856,0.74079627,0.028906783,0.1272352635860443,3.886901378631592,neutral
blur_251.png,24.796162410351684,0.72477263,0.03002161,0.13480573892593384,3.4048359394073486,neutral
blur_252.png,26.753082372344274,0.8132207,0.024268948,0.13502374291419983,2.901292085647583,neutral
blur_253.png,30.810786193042922,0.92791367,0.020648863,0.050887998193502426,2.7863523960113525,good
blur_254.png,28.283316625561667,0.8744318,0.025172686,0.0638374611735344,3.4939658641815186,neutral
blur_255.png,27.090596107750166,0.8593435,0.025060156,0.08376527577638626,2.8248581886291504,neutral
blur_256.png,29.179032249490323,0.8987372,0.02246417,0.05143694579601288,2.9397506713867188,neutral
blur_257.png,30.573792498749462,0.92405766,0.019781679,0.04368371516466141,2.6242294311523438,good
blur_258.png,28.626529366719762,0.8819497,0.022546565,0.05672667175531387,2.792971611022949,neutral
blur_259.png,27.98346788009703,0.88393307,0.025034951,0.06490696966648102,2.971022367477417,neutral
blur_260.png,30.279579840888733,0.91382456,0.020145088,0.05953226611018181,2.739419460296631,good
blur_261.png,27.135243032984434,0.8506102,0.026673013,0.07370634377002716,2.883608341217041,neutral
blur_262.png,27.859227816546856,0.8742335,0.024921864,0.05594830960035324,2.7834413051605225,neutral
blur_263.png,29.875368549739058,0.9029136,0.0211652,0.049456872045993805,2.7140541076660156,neutral
blur_264.png,28.393355805721747,0.8794255,0.024984166,0.054591890424489975,2.507991313934326,neutral
blur_265.png,28.15993265557246,0.8873739,0.023328735,0.07596775889396667,2.967984914779663,neutral
blur_266.png,29.878390005446906,0.91787845,0.022102827,0.06294694542884827,2.8277134895324707,neutral
blur_267.png,28.31541194742396,0.87766314,0.024766559,0.05944732576608658,2.947702646255493,neutral
blur_268.png,25.560354534465475,0.81073785,0.030105278,0.12591765820980072,3.038395643234253,neutral
blur_269.png,28.108480345064272,0.87060595,0.024678087,0.064455546438694,2.9784653186798096,neutral
blur_270.png,26.60436004385228,0.8479077,0.026570281,0.08276030421257019,3.264364004135132,neutral
blur_271.png,28.68118333106664,0.8997902,0.022908598,0.05704578384757042,2.8623769283294678,neutral
blur_272.png,28.70739611182811,0.88126737,0.023741568,0.05547577142715454,2.407172918319702,neutral
blur_273.png,29.618884737944065,0.91464263,0.021526346,0.09376227855682373,2.157724618911743,neutral
blur_274.png,29.57787526439365,0.92619914,0.023414293,0.041088543832302094,2.170442819595337,neutral
blur_275.png,32.17706817493075,0.947957,0.017915549,0.03290048614144325,1.9452792406082153,good
blur_276.png,33.67906131718738,0.957226,0.016231084,0.019176900386810303,1.9403676986694336,good
blur_277.png,32.400688375467944,0.9588228,0.018951815,0.026872284710407257,2.2908895015716553,good
blur_278.png,30.47974408346875,0.9406128,0.021704586,0.05796512961387634,2.2648446559906006,good
blur_279.png,32.591871616362354,0.9589443,0.018409545,0.024344082921743393,2.297502040863037,good
blur_280.png,31.031935206715193,0.94784826,0.020923717,0.03705279529094696,2.2216296195983887,good
blur_281.png,30.640149267960485,0.93211746,0.019122748,0.04707762598991394,1.9357106685638428,good
blur_282.png,31.95622312263008,0.95742506,0.019905834,0.024486880749464035,2.2991955280303955,good
blur_283.png,31.82355569860251,0.9527955,0.019082265,0.033116281032562256,2.1840453147888184,good
blur_284.png,31.191896201882734,0.945807,0.019988434,0.03994252532720566,2.2368643283843994,good
blur_285.png,30.744519283163573,0.9329526,0.019218938,0.06546258926391602,1.8314265012741089,good
blur_286.png,31.2256024338925,0.9387388,0.019577345,0.08101242780685425,2.197690963745117,good
blur_287.png,27.96648882197779,0.89513993,0.025262222,0.08269086480140686,2.1870670318603516,neutral
blur_288.png,31.47001801655466,0.9397474,0.01870272,0.06525546312332153,2.010740280151367,good
blur_289.png,32.43327161075904,0.9495227,0.017224077,0.047567177563905716,2.032667398452759,good
blur_290.png,30.7834191598673,0.94121504,0.020392032,0.04608536511659622,2.0831451416015625,good
blur_291.png,31.133149067117373,0.95147914,0.020872464,0.03717540577054024,2.2043278217315674,good
blur_292.png,28.978064216049702,0.91291046,0.023221022,0.05828722193837166,2.2623963356018066,neutral
blur_293.png,27.52339858871747,0.8984954,0.029092139,0.06073097512125969,4.039244651794434,neutral
blur_294.png,23.182644766794613,0.7611275,0.038160115,0.14475974440574646,3.1292126178741455,neutral
blur_295.png,29.287931230391862,0.9143219,0.02385077,0.042546890676021576,2.2461557388305664,neutral
blur_296.png,29.283510451481153,0.92411804,0.023424556,0.04027446359395981,2.2060773372650146,neutral
blur_297.png,25.21179897622759,0.8246084,0.036337946,0.13487356901168823,5.198278903961182,neutral
blur_298.png,28.129259101032822,0.8888858,0.02612765,0.08020655810832977,2.9104561805725098,neutral
blur_299.png,28.44349357308975,0.9116869,0.02771683,0.06075844168663025,3.695101022720337,neutral
blur_300.png,27.6431392427474,0.90615773,0.029772602,0.05381205677986145,3.425790786743164,neutral
blur_301.png,27.054711357249793,0.88190776,0.030044349,0.09634250402450562,3.452385902404785,neutral
blur_302.png,27.779081416087944,0.9217121,0.03028124,0.04782584309577942,2.2568838596343994,neutral
blur_303.png,28.778580516291832,0.92187566,0.027226156,0.05239468067884445,4.053915500640869,neutral
blur_304.png,26.66476649101766,0.89365226,0.031838927,0.07817793637514114,4.9065165519714355,neutral
blur_305.png,27.81949926602291,0.9065065,0.027673773,0.055515289306640625,4.868804931640625,neutral
blur_306.png,24.1174001694571,0.8030782,0.03804035,0.1406671404838562,4.448577404022217,neutral
blur_307.png,27.149694939823043,0.88883233,0.030826613,0.07320792973041534,4.44832706451416,neutral
blur_308.png,26.1079049422642,0.897264,0.03564085,0.05791996046900749,3.17683482170105,neutral
blur_309.png,25.428116482588308,0.84233946,0.0365015,0.09770657122135162,2.6532790660858154,neutral
blur_310.png,26.5438345371873,0.85815567,0.03042831,0.09057947248220444,2.601234197616577,neutral
blur_311.png,23.89432700250191,0.7798391,0.03738016,0.18586385250091553,4.025880336761475,neutral
blur_312.png,27.84012746031025,0.8825205,0.026330516,0.05591999366879463,2.05515456199646,neutral
blur_313.png,28.227214608204548,0.8805066,0.016129097,0.12772053480148315,2.4164328575134277,neutral
blur_314.png,27.070132454599158,0.8633562,0.020445101,0.14037512242794037,2.4948387145996094,neutral
blur_315.png,28.24072206809932,0.87822133,0.015982524,0.10225357860326767,2.111690044403076,neutral
blur_316.png,29.482243433370865,0.8794587,0.016038924,0.07850600779056549,2.122417688369751,neutral
blur_317.png,28.6268953109774,0.88078314,0.015880683,0.12047142535448074,1.7879889011383057,neutral
blur_318.png,32.174388959660575,0.9309199,0.015619739,0.05660713464021683,2.017995595932007,good
blur_319.png,28.731852687648534,0.87192184,0.016181612,0.14471159875392914,1.9521667957305908,neutral
blur_320.png,29.729669299270434,0.8987058,0.017687785,0.08147735148668289,2.2040798664093018,neutral
blur_321.png,26.829378063145008,0.8495352,0.018021649,0.16432757675647736,2.693308115005493,neutral
blur_322.png,24.10475292441303,0.810363,0.023234552,0.1926392912864685,2.4362387657165527,neutral
blur_323.png,29.359882501781588,0.8867793,0.015934737,0.09189312905073166,2.122899293899536,neutral
blur_324.png,34.41253452494499,0.9384258,0.012252505,0.04876336455345154,2.1632213592529297,good
blur_325.png,27.38373224341736,0.870841,0.017463552,0.14707328379154205,2.331373453140259,neutral
blur_326.png,30.023773154292087,0.91632575,0.01703153,0.07093603909015656,2.3966405391693115,good
blur_327.png,28.093811140160426,0.8786188,0.017891297,0.10841019451618195,2.4978694915771484,neutral
blur_328.png,25.793525923894855,0.8221149,0.021376172,0.19797205924987793,2.2815027236938477,neutral
blur_329.png,28.18355384823187,0.8814161,0.017633153,0.1442050337791443,2.1535556316375732,neutral
blur_330.png,26.10493712621873,0.8525087,0.027805516,0.12472723424434662,4.2180023193359375,neutral
blur_331.png,29.567014498116357,0.8858625,0.021014964,0.0853547751903534,2.9021575450897217,neutral
blur_332.png,26.61363467460439,0.8436176,0.029486736,0.10849936306476593,2.8697986602783203,neutral
blur_333.png,30.710297841681303,0.9026947,0.02146403,0.05385240167379379,3.2232298851013184,good
blur_334.png,22.80712223148157,0.7699294,0.04161383,0.24344277381896973,5.377879619598389,neutral
blur_335.png,26.457948879937593,0.8378399,0.02717913,0.15201884508132935,2.688764810562134,neutral
blur_336.png,26.391082735484535,0.83630484,0.03021806,0.12889732420444489,3.1813735961914062,neutral
blur_337.png,27.485314244247668,0.87072724,0.024971277,0.10544449090957642,3.0307958126068115,neutral
blur_338.png,24.30443400419193,0.78046936,0.03547262,0.2062043994665146,3.971011161804199,neutral
blur_339.png,24.315829771602896,0.79657453,0.034780454,0.15431639552116394,5.349968433380127,neutral
blur_340.png,27.464023331851998,0.86664575,0.024215417,0.09768043458461761,3.173858165740967,neutral
blur_341.png,24.619826778173895,0.8180328,0.033826675,0.1925499588251114,4.771325588226318,neutral
blur_342.png,24.947637125349686,0.8197498,0.03372861,0.15461450815200806,4.335190296173096,neutral
blur_343.png,29.201103964420234,0.88616085,0.024001023,0.04993119090795517,2.4693286418914795,neutral
blur_344.png,24.792098563884622,0.8057837,0.031343136,0.14422324299812317,3.871838331222534,neutral
blur_345.png,24.430086315564104,0.766777,0.031442937,0.15374049544334412,3.082773447036743,neutral
blur_346.png,23.958895307962194,0.7616396,0.036606204,0.22064176201820374,4.068968296051025,neutral
blur_347.png,25.746811574554304,0.8273203,0.03148276,0.13302326202392578,5.385887622833252,neutral
blur_348.png,26.683100129235527,0.8244037,0.028281458,0.14511986076831818,3.0535285472869873,neutral
blur_349.png,29.84805627721392,0.8962628,0.023010686,0.04854929447174072,3.0319347381591797,neutral
blur_350.png,27.791964493678314,0.80236477,0.02337748,0.12302692979574203,1.7369126081466675,neutral
blur_351.png,28.033541817785554,0.87195045,0.026516164,0.10442773997783661,1.787922978401184,neutral
blur_352.png,30.016310229779553,0.87875384,0.018781515,0.09772388637065887,1.8157744407653809,good
blur_353.png,28.702440203016117,0.8345535,0.021179661,0.11326494812965393,1.48879075050354,neutral
blur_354.png,26.730302196047248,0.8078942,0.027846081,0.1629353016614914,1.9529463052749634,neutral
blur_355.png,26.000648593407316,0.790263,0.031157425,0.12103042751550674,1.4222688674926758,neutral
blur_356.png,28.771266846066613,0.85662645,0.023178978,0.1388271003961563,1.4270607233047485,neutral
blur_357.png,24.973879833067635,0.6852851,0.03266189,0.1366417407989502,1.4280508756637573,neutral
blur_358.png,28.8494938840078,0.88826555,0.023955218,0.10312601178884506,1.4647412300109863,neutral
blur_359.png,28.20406984960028,0.87870884,0.025287693,0.10884661972522736,1.3987666368484497,neutral
blur_360.png,26.194836819662072,0.7742772,0.029831395,0.14704889059066772,1.6712963581085205,neutral
blur_361.png,25.127034758892183,0.6783727,0.031796943,0.19963711500167847,2.0955684185028076,neutral
blur_362.png,25.897544291909142,0.7369704,0.0308586,0.24450817704200745,2.839111804962158,neutral
blur_363.png,31.669304371841083,0.909859,0.016091336,0.09416899085044861,1.455034852027893,good
blur_364.png,26.32429087001285,0.7408593,0.028872237,0.2546772360801697,2.165377616882324,neutral
blur_365.png,29.591746325681335,0.8611211,0.020533113,0.14951933920383453,1.3009003400802612,neutral
blur_366.png,29.316478227089906,0.89286256,0.023136394,0.1082446426153183,1.375128984451294,neutral
blur_367.png,30.571891420632085,0.8893888,0.017792927,0.1029462069272995,2.005873680114746,good
blur_368.png,28.960979570882024,0.85090715,0.021034857,0.10640868544578552,1.8910492658615112,neutral
blur_369.png,27.667890587112968,0.8247579,0.024352321,0.09706463664770126,1.98885977268219,neutral
blur_370.png,28.518966428529957,0.7823996,0.024117114,0.09234254062175751,2.0232691764831543,neutral
blur_371.png,27.44282815010896,0.77763194,0.027671525,0.07268141210079193,2.5293374061584473,neutral
blur_372.png,28.156985381278183,0.82945395,0.023443943,0.06223452836275101,1.697713851928711,neutral
blur_373.png,30.246439657822055,0.91276765,0.022416592,0.05934403836727142,2.4854824542999268,good
blur_374.png,30.024022766454415,0.9105292,0.022707185,0.06302206963300705,2.2400152683258057,good
blur_375.png,28.35731214718329,0.848434,0.02650194,0.07056386023759842,2.4093692302703857,neutral
blur_376.png,31.903218857296007,0.9134522,0.016869137,0.05291076377034187,1.9439356327056885,good
blur_377.png,30.532076092516,0.9268389,0.02113106,0.058130569756031036,1.992903709411621,good
blur_378.png,28.272152141555647,0.8224001,0.025139956,0.06284820288419724,2.2732672691345215,neutral
blur_379.png,28.085633775807196,0.84323645,0.026959108,0.0735948234796524,2.3464086055755615,neutral
blur_380.png,30.255528007322077,0.8956223,0.021658441,0.07165131717920303,2.0474324226379395,good
blur_381.png,25.074707230140664,0.7174237,0.033898067,0.09195569157600403,2.3143093585968018,neutral
blur_382.png,29.016856101162016,0.82281786,0.024575869,0.08820702135562897,2.149519443511963,neutral
blur_383.png,29.001449997853136,0.86831695,0.024735337,0.05804746598005295,2.338958978652954,neutral
blur_384.png,29.324488509561935,0.8844139,0.023973236,0.0743587389588356,1.9478662014007568,neutral
blur_385.png,26.271477209838498,0.7185021,0.030343315,0.11123640090227127,2.000595808029175,neutral
blur_386.png,23.635552239639598,0.53049594,0.038936466,0.0740385502576828,2.719543695449829,neutral
blur_387.png,29.931584234890355,0.88140893,0.019754143,0.07332072407007217,1.924876093864441,neutral
blur_388.png,23.621009175689537,0.56830746,0.040244862,0.09034918248653412,2.993565797805786,neutral
blur_389.png,27.002052658284015,0.8082858,0.030658016,0.1165255606174469,2.256556987762451,neutral
blur_390.png,30.315894796225656,0.90776604,0.014646786,0.07563972473144531,2.902651309967041,good
blur_391.png,26.977764721147807,0.8400696,0.019917935,0.13870352506637573,2.6754698753356934,neutral
blur_392.png,30.539983158697595,0.91194534,0.013503525,0.07979314029216766,2.7660374641418457,good
blur_393.png,29.691736397543195,0.89122176,0.01639138,0.0742364227771759,4.12412166595459,neutral
blur_394.png,33.039485437411386,0.9332857,0.013461578,0.051988884806632996,2.7022013664245605,good
blur_395.png,27.770230267680873,0.84709114,0.018826116,0.15848439931869507,3.2365894317626953,neutral
blur_396.png,29.499114714718075,0.89201736,0.016980706,0.10225743055343628,3.0451529026031494,neutral
blur_397.png,29.84804358396504,0.89056045,0.016548665,0.08349061012268066,3.4890851974487305,neutral
blur_398.png,26.116021299455817,0.8269852,0.021320568,0.17328497767448425,3.1639950275421143,neutral
blur_399.png,31.248638115524756,0.92384964,0.014370885,0.07733790576457977,2.7832887172698975,good
blur_400.png,28.426487599795223,0.8921752,0.016044414,0.08079497516155243,2.980041027069092,neutral
blur_401.png,26.668429192144472,0.8755186,0.018333226,0.11849908530712128,2.76969313621521,neutral
blur_402.png,28.25571313883778,0.87231565,0.018718012,0.08973094820976257,3.198960304260254,neutral
blur_403.png,25.31076129733677,0.80621403,0.02141519,0.14418703317642212,3.006622314453125,neutral
blur_404.png,26.839719826999673,0.8329517,0.020878091,0.12147347629070282,4.323892593383789,neutral
blur_405.png,31.03361000204934,0.92127424,0.014978282,0.0849267840385437,2.5511908531188965,good
blur_406.png,30.3391279177997,0.91765934,0.0143631855,0.06839165091514587,2.5720908641815186,good
blur_407.png,27.528241256582827,0.87709856,0.018639209,0.13083703815937042,3.691725969314575,neutral
blur_408.png,29.015416646667802,0.88287073,0.016198235,0.12050031125545502,2.8294265270233154,neutral
blur_409.png,29.12760066938794,0.9353942,0.028874889,0.03692095726728439,2.335844039916992,neutral
blur_410.png,26.797214907349076,0.84646225,0.033362035,0.11508286744356155,2.4961111545562744,neutral
blur_411.png,29.86126121946824,0.9183487,0.023316436,0.05598966032266617,1.9649578332901,neutral
blur_412.png,28.39750332213375,0.91465926,0.031092668,0.048984237015247345,2.3504648208618164,neutral
blur_413.png,25.19918740147419,0.805449,0.040185273,0.08292870968580246,2.4853529930114746,neutral
blur_414.png,26.44205738654612,0.86045456,0.03622798,0.07683264464139938,2.3748397827148438,neutral
blur_415.png,25.507104034536447,0.8249509,0.03942888,0.1023416519165039,2.33933424949646,neutral
blur_416.png,25.052279279655274,0.7397098,0.034601692,0.26209262013435364,2.6017541885375977,neutral
blur_417.png,29.299186399834618,0.87888855,0.022491513,0.09645523875951767,2.0984749794006348,neutral
blur_418.png,26.63198468085845,0.7830631,0.027689302,0.09843182563781738,1.6051944494247437,neutral
blur_419.png,27.777400903425157,0.9164682,0.033737082,0.05870261788368225,2.5593690872192383,neutral
blur_420.png,30.19452474473409,0.91934973,0.023056597,0.04683339223265648,1.8467001914978027,good
blur_421.png,28.786869219326213,0.87526536,0.02441889,0.06302719563245773,1.9327821731567383,neutral
blur_422.png,25.277756388528722,0.8129385,0.037018064,0.12624292075634003,2.645240306854248,neutral
blur_423.png,29.27825657924119,0.8860688,0.021662392,0.05803355574607849,2.1183857917785645,neutral
blur_424.png,26.69501325602159,0.8162734,0.03125418,0.13108277320861816,2.1252379417419434,neutral
blur_425.png,27.58144709878096,0.84993166,0.026557505,0.09270183742046356,2.135932445526123,neutral
blur_426.png,26.12854008910322,0.7807131,0.029342562,0.08915039151906967,1.748098611831665,neutral
blur_427.png,29.749392061033166,0.88492966,0.021276044,0.05714433267712593,1.6026822328567505,neutral
blur_428.png,29.700650123907163,0.8966055,0.021068642,0.05754125863313675,1.7374460697174072,neutral
blur_429.png,31.564216037080577,0.8718992,0.018562421,0.08950163424015045,2.880044460296631,good
blur_430.png,28.179047759874738,0.8416329,0.027988857,0.08806625753641129,3.737518548965454,neutral
blur_431.png,28.67595717258574,0.7783379,0.02468733,0.16599145531654358,3.4022953510284424,neutral
blur_432.png,30.70094254634485,0.85877436,0.020083653,0.15108725428581238,3.344299077987671,good
blur_433.png,27.810910851281907,0.9087186,0.033140298,0.08978693932294846,3.8314599990844727,neutral
blur_434.png,25.476909447531515,0.84721255,0.04483285,0.10772880166769028,4.724595069885254,neutral
blur_435.png,29.28721721890557,0.84014004,0.02258715,0.09151344001293182,3.283764600753784,neutral
blur_436.png,25.31948549812476,0.67571086,0.042473923,0.13672707974910736,3.875302791595459,neutral
blur_437.png,28.478230097707318,0.8065035,0.024864398,0.09928123652935028,3.0150694847106934,neutral
blur_438.png,29.45056159496707,0.87074065,0.024498105,0.12119559198617935,3.2612507343292236,neutral
blur_439.png,32.248462159615976,0.9010472,0.017629843,0.09956763684749603,2.8491742610931396,good
blur_440.png,24.26906150894039,0.7083351,0.049987957,0.22563165426254272,4.716259956359863,neutral
blur_441.png,28.10761990561367,0.87538576,0.031342454,0.08689673990011215,3.8620567321777344,neutral
blur_442.png,30.84654760942117,0.85449886,0.019510457,0.11516586691141129,3.091444253921509,good
blur_443.png,28.553947971601698,0.87476665,0.029539542,0.09492668509483337,3.8020169734954834,neutral
blur_444.png,28.65347335271459,0.7615897,0.024683757,0.13243885338306427,3.2221310138702393,neutral
blur_445.png,30.607743821993296,0.85943586,0.018601777,0.10875160247087479,3.5819737911224365,good
blur_446.png,27.14325787177318,0.7090567,0.029153218,0.20034903287887573,3.2216827869415283,neutral
blur_447.png,28.40330880643002,0.85294914,0.029966494,0.09218260645866394,3.818551540374756,neutral
blur_448.png,28.93090968829551,0.7879408,0.025209075,0.17229051887989044,2.4321956634521484,neutral
blur_449.png,30.545857492072482,0.88882774,0.01838514,0.064700648188591,3.329528570175171,good
blur_450.png,31.260573134311844,0.88708943,0.01764427,0.056346818804740906,2.687716484069824,good
blur_451.png,27.883633175232557,0.86707824,0.025864063,0.08885567635297775,2.7885842323303223,neutral
blur_452.png,30.234486375187938,0.8580454,0.018769598,0.08156527578830719,2.5220377445220947,good
blur_453.png,32.050187603701524,0.9085114,0.016869752,0.07485733181238174,3.022038459777832,good
blur_454.png,30.157735423947848,0.8691861,0.018857509,0.0828578844666481,2.187466621398926,good
blur_455.png,30.377246251949877,0.9039858,0.018492816,0.0630555972456932,3.0438294410705566,good
blur_456.png,29.139723748262234,0.85950327,0.023830356,0.07331378012895584,3.2075092792510986,neutral
blur_457.png,30.289880042302343,0.8594234,0.019449644,0.09964922815561295,2.093252658843994,good
blur_458.png,28.57646312935963,0.8097213,0.022935359,0.1827617734670639,2.4644522666931152,neutral
blur_459.png,29.05391522654527,0.85396576,0.020180894,0.0871625691652298,2.498713254928589,neutral
blur_460.png,27.156234548769554,0.7900811,0.026327489,0.20895591378211975,2.6486220359802246,neutral
blur_461.png,28.811099659766374,0.8456748,0.02124405,0.08469725400209427,2.593759059906006,neutral
blur_462.png,29.47284346409305,0.8673081,0.020072186,0.11364435404539108,3.178864002227783,neutral
blur_463.png,30.050771536387355,0.8585465,0.018808722,0.10925745964050293,2.453376054763794,good
blur_464.png,26.949907581011292,0.80327743,0.025498336,0.20856446027755737,3.0136008262634277,neutral
blur_465.png,25.384327286501392,0.7521691,0.03071268,0.2853759527206421,2.7829508781433105,neutral
blur_466.png,26.76518641168513,0.78141004,0.025801552,0.15764938294887543,2.9798641204833984,neutral
blur_467.png,30.83001527545555,0.86953515,0.018279262,0.07662135362625122,2.298428535461426,good
blur_468.png,31.595854208769243,0.9141992,0.016806528,0.04609081149101257,2.681811571121216,good
blur_469.png,24.78474719917193,0.6986311,0.036509737,0.27061089873313904,2.2356808185577393,neutral
blur_470.png,28.05171876883097,0.83910054,0.025358642,0.11192204058170319,2.0865070819854736,neutral
blur_471.png,27.315679696459448,0.8160637,0.027730668,0.10356157273054123,2.3881115913391113,neutral
blur_472.png,27.258919600113813,0.80855244,0.028078085,0.07881152629852295,2.5195133686065674,neutral
blur_473.png,26.381772905248507,0.82631177,0.03384781,0.10249372571706772,2.3406121730804443,neutral
blur_474.png,27.69826882862578,0.8042117,0.02799949,0.14884908497333527,1.9395686388015747,neutral
blur_475.png,27.346536578250348,0.8258498,0.02786158,0.06956160813570023,1.824761986732483,neutral
blur_476.png,24.54161356480629,0.6684411,0.03708143,0.16607214510440826,2.0920159816741943,neutral
blur_477.png,24.626135546999315,0.6845878,0.03743822,0.11058101058006287,2.3706488609313965,neutral
blur_478.png,23.357825932482577,0.6278775,0.04228833,0.25042831897735596,2.5016486644744873,neutral
blur_479.png,26.668985625993304,0.80950826,0.030911729,0.1053590178489685,2.204223155975342,neutral
blur_480.png,28.494534000662277,0.8399709,0.024491569,0.06311220675706863,1.4974173307418823,neutral
blur_481.png,24.218997140914826,0.6939075,0.04247439,0.2699562609195709,2.6178343296051025,neutral
blur_482.png,24.53544928873649,0.6989103,0.036554124,0.17817935347557068,2.186422348022461,neutral
blur_483.png,28.14162335924066,0.880754,0.028048614,0.07457678765058517,2.160580635070801,neutral
blur_484.png,25.94237515033867,0.7509279,0.032468956,0.14632612466812134,2.1954843997955322,neutral
blur_485.png,26.531891610128714,0.7840592,0.029718095,0.10544528067111969,1.922082543373108,neutral
blur_486.png,27.262922212214864,0.8044777,0.028234055,0.10062071681022644,1.9720395803451538,neutral
blur_487.png,21.98940016059934,0.51229733,0.049931526,0.2817564308643341,2.3149311542510986,neutral
blur_488.png,26.877768127176335,0.78149605,0.028918201,0.10245982557535172,2.1293528079986572,neutral
blur_489.png,25.734003433053708,0.82493144,0.022606308,0.16840499639511108,2.3410162925720215,neutral
blur_490.png,21.404896387473528,0.75360537,0.03311324,0.22556230425834656,1.8973817825317383,neutral
blur_491.png,24.91140076101468,0.8478784,0.022427976,0.13647708296775818,2.4744415283203125,neutral
blur_492.png,24.29737433541056,0.77437943,0.027065834,0.22551658749580383,1.6887965202331543,neutral
blur_493.png,28.646829220426575,0.8398765,0.019193038,0.12573933601379395,1.778006911277771,neutral
blur_494.png,25.842802320036693,0.85262066,0.022001905,0.14115124940872192,1.972872018814087,neutral
blur_495.png,23.61133025619331,0.8274693,0.029006667,0.14872626960277557,2.084911823272705,neutral
blur_496.png,24.924155237687806,0.75828415,0.02664567,0.20471829175949097,1.8836231231689453,neutral
blur_497.png,20.855743990416798,0.75064754,0.035566654,0.3077182471752167,2.334995985031128,neutral
blur_498.png,32.726835756933475,0.91889423,0.014746141,0.05815879628062248,1.946306586265564,good
blur_499.png,25.03588654479145,0.78802913,0.023861146,0.19439145922660828,2.0370209217071533,neutral
blur_500.png,24.79168495155796,0.7787757,0.0275705,0.22289521992206573,2.1342737674713135,neutral
blur_501.png,24.011867275971706,0.82015276,0.024818076,0.1505875289440155,2.2949581146240234,neutral
blur_502.png,24.87866554019881,0.800044,0.025339276,0.14178746938705444,2.5763046741485596,neutral
blur_503.png,31.776480048811134,0.8994581,0.01618187,0.05767136812210083,1.8501946926116943,good
blur_504.png,26.181081417484286,0.80218536,0.02272738,0.1249193549156189,1.6878492832183838,neutral
blur_505.png,21.95524323704598,0.7971072,0.029365366,0.21054665744304657,1.973066806793213,neutral
blur_506.png,27.10523354480624,0.83382076,0.021440743,0.1282195895910263,2.371420383453369,neutral
blur_507.png,21.19388974464981,0.77132696,0.03258056,0.18809166550636292,2.082921028137207,neutral
blur_508.png,23.69145520009724,0.79994947,0.028946556,0.1524084508419037,2.08251953125,neutral
blur_509.png,30.64287681425331,0.80123323,0.018032989,0.2517821788787842,0.9577736854553223,good
blur_510.png,32.2073231607756,0.8504583,0.015196346,0.1697162687778473,1.0131381750106812,good
blur_511.png,28.743545042952448,0.8093837,0.021913938,0.15788781642913818,1.2994929552078247,neutral
blur_512.png,30.32468303136779,0.86688614,0.020010278,0.10519099980592728,1.3558377027511597,good
blur_513.png,28.662123868157234,0.74588543,0.021293322,0.1590445339679718,1.0381425619125366,neutral
blur_514.png,34.78485256365002,0.9120117,0.012031465,0.1197446957230568,1.1301393508911133,good
blur_515.png,30.227022457246825,0.8680959,0.020072445,0.1311628818511963,1.184815526008606,good
blur_516.png,30.359451641739405,0.8543527,0.019534683,0.14585044980049133,1.1880645751953125,good
blur_517.png,29.83535718431098,0.80497366,0.019308023,0.15986807644367218,1.3601861000061035,neutral
blur_518.png,30.477168411559212,0.86551064,0.019220224,0.12453334033489227,1.258540391921997,good
blur_519.png,30.647735138248102,0.8423428,0.017897455,0.10463304817676544,1.2991735935211182,good
blur_520.png,28.944130763318583,0.7433777,0.022593,0.2423458844423294,1.0964137315750122,neutral
blur_521.png,29.31398956198985,0.79109234,0.021124728,0.21154220402240753,1.2460973262786865,neutral
blur_522.png,31.8793338911119,0.868931,0.016353197,0.09553875029087067,1.1976978778839111,good
blur_523.png,30.525363804761533,0.876174,0.019875726,0.10346484184265137,1.3913487195968628,good
blur_524.png,32.597938427023,0.8871572,0.01460211,0.09060932695865631,1.247556447982788,good
blur_525.png,33.28214238856442,0.8935957,0.013272863,0.11928065866231918,1.2728327512741089,good
blur_526.png,30.886675307011195,0.85660714,0.017367275,0.10412967950105667,1.175220012664795,good
blur_527.png,31.037450071055765,0.8859547,0.018689802,0.11691158264875412,1.224103331565857,good
blur_528.png,30.495689006390204,0.8474129,0.019188913,0.15516120195388794,1.2060836553573608,good
blur_529.png,23.76859511785234,0.7907004,0.03419483,0.1622132509946823,2.758051633834839,neutral
blur_530.png,22.773732653187725,0.7056752,0.04028292,0.2348528653383255,3.6869349479675293,neutral
blur_531.png,23.88861345199489,0.7804145,0.033805892,0.22107070684432983,2.8407251834869385,neutral
blur_532.png,27.30870609393161,0.8838579,0.027199486,0.09260115772485733,2.8614728450775146,neutral
blur_533.png,26.419337843236992,0.8522496,0.028270096,0.09659500420093536,2.8945860862731934,neutral
blur_534.png,26.12972406747526,0.8211336,0.02973103,0.09410470724105835,2.6598944664001465,neutral
blur_535.png,23.934495188922856,0.76729846,0.034899164,0.1708311140537262,3.5832951068878174,neutral
blur_536.png,20.40847353086741,0.6776449,0.048419815,0.249478280544281,5.0898356437683105,neutral
blur_537.png,26.090899487901815,0.846423,0.029533172,0.09702791273593903,2.6323986053466797,neutral
blur_538.png,25.405833856941765,0.83282185,0.030129543,0.14879444241523743,3.914360523223877,neutral
blur_539.png,23.937642247077704,0.8044727,0.036111355,0.15083715319633484,3.1796188354492188,neutral
blur_540.png,27.535562695115082,0.8660142,0.026069427,0.088646300137043,4.038987159729004,neutral
blur_541.png,30.216745991962462,0.9088178,0.022651283,0.054543908685445786,2.2837975025177,good
blur_542.png,24.46948423386163,0.8036769,0.03231622,0.15251220762729645,4.781881809234619,neutral
blur_543.png,22.143343956312602,0.68654686,0.040940374,0.2695397734642029,3.9321866035461426,neutral
blur_544.png,26.364385576691703,0.8479071,0.02977073,0.08490590751171112,2.800705909729004,neutral
blur_545.png,25.87442745361789,0.84915036,0.029092254,0.10996296256780624,2.5578548908233643,neutral
blur_546.png,25.173132097889056,0.7673896,0.032695543,0.11716213822364807,2.633164882659912,neutral
blur_547.png,23.563504220468396,0.74124813,0.037391514,0.12695090472698212,3.1764349937438965,neutral
blur_548.png,28.21478124769717,0.8507765,0.025239663,0.09589938819408417,3.691901206970215,neutral
blur_549.png,29.074984713445513,0.92058986,0.022751683,0.06911677122116089,4.519017219543457,neutral
blur_550.png,28.39377002989044,0.8994603,0.023145825,0.09294391423463821,2.8557934761047363,neutral
blur_551.png,19.348229373694018,0.65935737,0.057216793,0.3100285828113556,4.603919982910156,bad
blur_552.png,20.248251256559264,0.7436871,0.048496936,0.23148199915885925,4.313673496246338,neutral
blur_553.png,21.712034755240026,0.7688117,0.03816772,0.18776847422122955,2.6077349185943604,neutral
blur_554.png,18.581140948645466,0.70033616,0.05566686,0.28523579239845276,3.225808620452881,bad
blur_555.png,23.1572836997573,0.8100226,0.038220186,0.13913652300834656,3.566196918487549,neutral
blur_556.png,27.928827311818264,0.90601236,0.026550444,0.07587812840938568,3.3939049243927,neutral
blur_557.png,25.039726573679925,0.82312775,0.029400095,0.13798333704471588,3.0546202659606934,neutral
blur_558.png,25.85129997002855,0.8598516,0.027390612,0.11155622452497482,2.7086825370788574,neutral
blur_559.png,19.96975757749391,0.66589904,0.053624336,0.28952980041503906,4.350142478942871,bad
blur_560.png,21.724754411452892,0.7096135,0.039821904,0.17230917513370514,4.761885166168213,neutral
blur_561.png,21.501362815266425,0.7596932,0.04033107,0.1994919776916504,2.042268991470337,neutral
blur_562.png,21.963293191648102,0.78609896,0.04106607,0.17360006272792816,3.51308274269104,neutral
blur_563.png,20.459460323831866,0.7322004,0.045868635,0.24775345623493195,4.3246026039123535,neutral
blur_564.png,19.03125704625456,0.6651779,0.056953456,0.2962769567966461,2.761230707168579,bad
blur_565.png,24.68589961226318,0.8349521,0.033709925,0.10425608605146408,4.546288013458252,neutral
blur_566.png,23.13336705828688,0.79056865,0.036482673,0.139010488986969,3.1088993549346924,neutral
blur_567.png,23.309069180201625,0.7882573,0.036021408,0.1565224826335907,3.3630433082580566,neutral
blur_568.png,21.99762201144203,0.7182024,0.040501576,0.18807852268218994,2.6900434494018555,neutral
blur_569.png,26.393022631273254,0.9029879,0.031528607,0.06598994880914688,2.4773335456848145,neutral
blur_570.png,21.734776888747824,0.7685623,0.045182794,0.1747031807899475,2.811105489730835,neutral
blur_571.png,19.286244738733302,0.58870345,0.06351977,0.2371063381433487,4.08323860168457,bad
blur_572.png,21.23047397596086,0.72018385,0.048102826,0.16547629237174988,3.070010185241699,neutral
blur_573.png,26.209325704780436,0.89039373,0.031951383,0.05905973166227341,2.820596694946289,neutral
blur_574.png,18.273913155152204,0.5272457,0.07065632,0.27159178256988525,3.72098708152771,bad
blur_575.png,22.43915999228924,0.8041184,0.048433047,0.11614760011434555,3.046949625015259,neutral
blur_576.png,20.715280622688404,0.7608207,0.04983632,0.1870240569114685,3.2264504432678223,neutral
blur_577.png,25.08017780584462,0.84779984,0.031320665,0.10337808728218079,2.7814271450042725,neutral
blur_578.png,20.28469509134912,0.6447613,0.05439285,0.20550672709941864,3.1359641551971436,neutral
blur_579.png,25.165626749454695,0.87019414,0.03355029,0.09845428913831711,2.9677629470825195,neutral
blur_580.png,25.36404203344445,0.8793463,0.03009528,0.10367577522993088,2.4534547328948975,neutral
blur_581.png,22.246919391281264,0.7540749,0.044585347,0.126255065202713,2.732595682144165,neutral
blur_582.png,19.623304394571143,0.63059586,0.05892521,0.20755919814109802,3.561584711074829,bad
blur_583.png,27.91310655344031,0.9145048,0.025983164,0.047970570623874664,2.7059671878814697,neutral
blur_584.png,19.65805132875087,0.6160864,0.056730866,0.21350903809070587,3.436306953430176,bad
blur_585.png,24.82232180920908,0.87382555,0.032800745,0.08948579430580139,2.792571783065796,neutral
blur_586.png,26.918426527064167,0.7440532,0.03158513,0.2739989757537842,2.5462918281555176,neutral
blur_587.png,24.31357847435423,0.51799554,0.04301389,0.3785976767539978,2.679164171218872,neutral
blur_588.png,27.0845113185212,0.7129984,0.031991605,0.2518487274646759,2.5683138370513916,neutral
blur_589.png,25.444451973562693,0.6153628,0.03849339,0.2584230899810791,2.6592111587524414,neutral
blur_590.png,29.463576398624323,0.8563776,0.025614733,0.1330525428056717,2.6358673572540283,neutral
blur_591.png,26.656800791457712,0.7194207,0.03348559,0.3537604510784149,2.682188034057617,neutral
blur_592.png,26.76628024589408,0.6937687,0.033299606,0.20785149931907654,2.6127235889434814,neutral
blur_593.png,27.238701733352812,0.74984074,0.031076118,0.18950924277305603,2.469144344329834,neutral
blur_594.png,25.433440933591008,0.6171386,0.03752858,0.27007347345352173,3.304335832595825,neutral
blur_595.png,28.617921071851576,0.828623,0.027228504,0.24428790807724,2.627420663833618,neutral
blur_596.png,26.63836170801072,0.6478321,0.03401855,0.2945302724838257,2.8673532009124756,neutral
blur_597.png,27.846603981955695,0.7866718,0.028512644,0.18702220916748047,2.646919012069702,neutral
blur_598.png,28.129412249952853,0.8148878,0.028445942,0.25270119309425354,2.538038730621338,neutral
blur_599.png,30.16364079670733,0.90244406,0.023336696,0.08669492602348328,2.494249105453491,good
blur_600.png,26.82247029103202,0.695713,0.03315661,0.30516865849494934,2.670400619506836,neutral
blur_601.png,27.548799380771634,0.794416,0.030095145,0.25313252210617065,2.7126126289367676,neutral
blur_602.png,25.591449140283355,0.59395313,0.03774693,0.2667001485824585,2.7723336219787598,neutral
blur_603.png,26.076218757672653,0.6472669,0.03559203,0.26537033915519714,2.8210525512695312,neutral
blur_604.png,27.022219698981964,0.7396539,0.031705562,0.22474965453147888,2.675658702850342,neutral
blur_605.png,26.211421896750316,0.6733677,0.034662366,0.22374080121517181,2.7520740032196045,neutral
blur_606.png,27.391772446805685,0.8632438,0.021148818,0.10682770609855652,1.9935804605484009,neutral
blur_607.png,29.870683750934568,0.88674706,0.01699012,0.0982288271188736,1.6542632579803467,neutral
blur_608.png,21.055488896574932,0.72041625,0.037415102,0.21559205651283264,2.3246123790740967,neutral
blur_609.png,27.256465234138428,0.8775899,0.018861903,0.09588425606489182,1.7041525840759277,neutral
blur_610.png,29.511347547318504,0.8826038,0.019593941,0.09568915516138077,1.8040440082550049,neutral
blur_611.png,20.991302734545364,0.7140637,0.036568183,0.24144300818443298,2.3628549575805664,neutral
blur_612.png,25.85934541433552,0.78984445,0.025730118,0.10483749210834503,2.217881917953491,neutral
blur_613.png,26.520459720995238,0.824725,0.023184007,0.11136643588542938,2.1540699005126953,neutral
blur_614.png,25.710316530457156,0.8333942,0.022738675,0.13809756934642792,2.0511162281036377,neutral
blur_615.png,27.526815523659227,0.8653582,0.020498373,0.13796940445899963,1.951338529586792,neutral
blur_616.png,22.830386949225886,0.7370278,0.031312827,0.19666753709316254,2.4295620918273926,neutral
blur_617.png,24.77185529076895,0.7875814,0.025872534,0.16354669630527496,2.1246395111083984,neutral
blur_618.png,24.22404751507898,0.80663174,0.02601807,0.16173245012760162,2.101080894470215,neutral
blur_619.png,25.183754958798637,0.8109488,0.025214246,0.12792222201824188,2.176539182662964,neutral
blur_620.png,27.042909195433676,0.86063105,0.021040121,0.11723147332668304,1.8739252090454102,neutral
blur_621.png,26.687634229012893,0.8646129,0.020541266,0.09568562358617783,1.9163322448730469,neutral
blur_622.png,25.227481852970975,0.8581889,0.02262667,0.1370309293270111,1.9499266147613525,neutral
blur_623.png,21.22653483663474,0.62291604,0.04030971,0.18369172513484955,2.0696399211883545,neutral
blur_624.png,27.959565364344442,0.8796523,0.019419031,0.11428358405828476,1.9167004823684692,neutral
blur_625.png,24.190342184137318,0.84435177,0.024770042,0.14908051490783691,2.1407976150512695,neutral
blur_626.png,29.9808002249383,0.93040615,0.02188602,0.0528111532330513,2.7217605113983154,neutral
blur_627.png,27.45375331129299,0.87906337,0.025891164,0.07080002874135971,2.6550726890563965,neutral
blur_628.png,22.96266151742714,0.76356393,0.040304147,0.15435509383678436,3.125615119934082,neutral
blur_629.png,29.64289090489723,0.91908455,0.023226077,0.04377419501543045,2.8191473484039307,neutral
blur_630.png,24.191887467509467,0.78020555,0.03570373,0.09483298659324646,3.78302001953125,neutral
blur_631.png,26.425718069679824,0.8554895,0.030777104,0.07309741526842117,3.3499209880828857,neutral
blur_632.png,24.52782097590243,0.79043883,0.034458023,0.12293845415115356,3.4411795139312744,neutral
blur_633.png,27.822958013674686,0.9243261,0.03039671,0.0750669464468956,2.969221353530884,neutral
blur_634.png,28.60265202927385,0.9031616,0.026693257,0.06431582570075989,2.6569862365722656,neutral
blur_635.png,23.151357046532812,0.75414497,0.03972313,0.16357667744159698,3.3673617839813232,neutral
blur_636.png,24.48754089828644,0.8091952,0.036116343,0.12322621047496796,3.8330962657928467,neutral
blur_637.png,25.935302346638874,0.8404537,0.029885886,0.0867142379283905,2.932321548461914,neutral
blur_638.png,24.424945610237884,0.8042636,0.03318122,0.11246629804372787,3.470486640930176,neutral
blur_639.png,22.544444804530357,0.7286763,0.044010673,0.2187768816947937,4.632440567016602,neutral
blur_640.png,27.373602630314426,0.8975673,0.026124174,0.10290127247571945,2.4747564792633057,neutral
blur_641.png,25.657983598759138,0.86202866,0.033896912,0.0976729616522789,3.5110583305358887,neutral
blur_642.png,28.69827812892074,0.89838094,0.023963826,0.0883229523897171,2.522703170776367,neutral
blur_643.png,25.25690044514986,0.7993393,0.033360593,0.09579527378082275,2.7281832695007324,neutral
blur_644.png,24.497675140054007,0.780462,0.03411205,0.12500600516796112,3.728358030319214,neutral
blur_645.png,23.61224960270395,0.76661414,0.03936332,0.14557068049907684,3.909080743789673,neutral
blur_646.png,27.913983094034343,0.9048755,0.023727128,0.0710749626159668,1.989738941192627,neutral
blur_647.png,31.46913651454075,0.9518335,0.018996695,0.03717484325170517,1.8113089799880981,good
blur_648.png,30.415618941443622,0.9438428,0.02026205,0.04896693676710129,1.8099483251571655,good
blur_649.png,28.85562892656718,0.92130566,0.022066096,0.051646433770656586,1.891692042350769,neutral
blur_650.png,30.04420282690175,0.9328863,0.02109863,0.03914996236562729,1.8554229736328125,good
blur_651.png,31.50443932085195,0.95209247,0.019002521,0.033306002616882324,1.8131492137908936,good
blur_652.png,30.089176220203257,0.93761295,0.020410756,0.06518322974443436,1.88799250125885,good
blur_653.png,31.348096123842055,0.9486289,0.019150613,0.036453790962696075,1.7516822814941406,good
blur_654.png,28.73517455012946,0.9215935,0.021939443,0.06226130947470665,1.9923655986785889,neutral
blur_655.png,28.32384948341339,0.9080281,0.02306878,0.06466987729072571,1.935669183731079,neutral
blur_656.png,30.84949126210613,0.9444944,0.019700898,0.03472736105322838,1.8148599863052368,good
blur_657.png,30.6720218573561,0.9450218,0.01974464,0.0417848601937294,1.9026190042495728,good
blur_658.png,28.208083570439037,0.9122923,0.022832042,0.06065252423286438,1.894417405128479,neutral
blur_659.png,31.836300964294132,0.95398194,0.018972062,0.033781182020902634,1.762630581855774,good
blur_660.png,31.845982157933364,0.9543724,0.018464325,0.02606082893908024,1.808611512184143,good
blur_661.png,28.866839862923612,0.9249661,0.02131364,0.06798173487186432,1.9094690084457397,neutral
blur_662.png,32.31877143825696,0.95855236,0.018224956,0.03331652656197548,1.8523967266082764,good
blur_663.png,30.215669125585375,0.9403298,0.020346448,0.05491901934146881,2.013991117477417,good
blur_664.png,31.604871851911057,0.95104283,0.018713668,0.04778839647769928,1.8892459869384766,good
blur_665.png,32.545055420239954,0.9588918,0.017797058,0.02632874995470047,1.837033748626709,good
blur_666.png,28.563143111856405,0.9026995,0.024070477,0.07347550243139267,2.8263168334960938,neutral
blur_667.png,21.018952031846236,0.60506016,0.04996581,0.3271876871585846,4.094836711883545,neutral
blur_668.png,26.007472629442773,0.8723552,0.033403207,0.09656812250614166,3.6097919940948486,neutral
blur_669.png,23.82963868954058,0.76255727,0.042994782,0.13033221662044525,3.3920106887817383,neutral
blur_670.png,22.23349824450573,0.6356334,0.041988652,0.33114075660705566,3.2998766899108887,neutral
blur_671.png,26.77727565317705,0.8641329,0.02892325,0.10008177161216736,3.252206325531006,neutral
blur_672.png,25.051377732573442,0.8090868,0.037385378,0.09984581172466278,3.1128196716308594,neutral
blur_673.png,24.337267542265074,0.7477061,0.0349556,0.16990351676940918,4.993781566619873,neutral
blur_674.png,23.35934268412409,0.7388049,0.044720713,0.11070149391889572,4.169822692871094,neutral
blur_675.png,23.24919606243643,0.6488181,0.037495207,0.2056073248386383,3.3481357097625732,neutral
blur_676.png,26.689250283620538,0.85690975,0.025380068,0.11262574791908264,3.113133430480957,neutral
blur_677.png,25.1673332147506,0.85154676,0.035270814,0.13389335572719574,3.2585384845733643,neutral
blur_678.png,23.805156962039522,0.6901362,0.03452496,0.28216099739074707,3.4067795276641846,neutral
blur_679.png,27.006237126043715,0.8634863,0.028932711,0.1280318945646286,3.043226957321167,neutral
blur_680.png,26.53503180613086,0.88585687,0.032689717,0.0710030347108841,3.300544261932373,neutral
blur_681.png,24.463276733247508,0.77212983,0.038130384,0.21060872077941895,3.1474080085754395,neutral
blur_682.png,22.932342947256018,0.70175934,0.046556473,0.1658966988325119,3.562931776046753,neutral
blur_683.png,22.680324029288734,0.7499226,0.04817908,0.14299136400222778,4.054162979125977,neutral
blur_684.png,27.638510525081767,0.88763875,0.02612414,0.0923335924744606,3.4131572246551514,neutral
blur_685.png,23.48468398103889,0.75801057,0.043251783,0.1961582899093628,3.2921948432922363,neutral
blur_686.png,22.369858475997546,0.57290906,0.04531021,0.23050640523433685,3.2272605895996094,neutral
blur_687.png,25.64039067893992,0.7748553,0.03352447,0.13815613090991974,3.3086440563201904,neutral
blur_688.png,24.218632255403413,0.734756,0.03822163,0.16944213211536407,3.79659366607666,neutral
blur_689.png,26.40930640695406,0.8187165,0.030482933,0.14765746891498566,2.3116586208343506,neutral
blur_690.png,29.233410779928228,0.904449,0.023821997,0.08264411985874176,3.0290956497192383,neutral
blur_691.png,30.740628274120457,0.9143543,0.020454511,0.08853216469287872,2.596916437149048,good
blur_692.png,24.577493173133462,0.728339,0.03634424,0.20628908276557922,4.097273349761963,neutral
blur_693.png,24.34009724410903,0.7253372,0.035257954,0.1681751012802124,3.36523699760437,neutral
blur_694.png,29.33510747034378,0.89241105,0.024556579,0.0959949940443039,2.663158655166626,neutral
blur_695.png,26.731183864235327,0.8501541,0.02749414,0.09362203627824783,3.098423957824707,neutral
blur_696.png,28.142076880761234,0.8757062,0.02688013,0.09757880121469498,3.231210231781006,neutral
blur_697.png,28.505804125584554,0.8883204,0.025528863,0.08979572355747223,2.7899677753448486,neutral
blur_698.png,27.766895173594158,0.879414,0.02715377,0.09066879004240036,2.903012275695801,neutral
blur_699.png,23.4543917046453,0.6176751,0.044380635,0.17572368681430817,3.1574811935424805,neutral
blur_700.png,25.419760390441798,0.75107574,0.034823198,0.23759889602661133,3.3369641304016113,neutral
blur_701.png,29.977095098890103,0.91098404,0.021967331,0.07984037697315216,2.632382869720459,neutral
blur_702.png,30.471991773419006,0.9156432,0.022064863,0.07549083232879639,2.324131727218628,good
blur_703.png,22.938288626098323,0.66488,0.040946532,0.2465001791715622,3.9681899547576904,neutral
blur_704.png,20.8067896030235,0.7210298,0.049928036,0.20566581189632416,4.119518280029297,neutral
blur_705.png,21.915758012615903,0.7240596,0.042023376,0.19543969631195068,3.5952365398406982,neutral
blur_706.png,20.992064558173556,0.71607447,0.049064767,0.17114891111850739,3.7640955448150635,neutral
blur_707.png,21.733306268986368,0.7269473,0.04399383,0.1860431432723999,4.011032581329346,neutral
blur_708.png,18.11437555335463,0.60080916,0.06537363,0.3940001428127289,4.571642875671387,bad
blur_709.png,24.07872746944222,0.8020577,0.034199078,0.1281311959028244,3.132031202316284,neutral
blur_710.png,22.361571420622923,0.76303226,0.04001127,0.20602568984031677,3.2443478107452393,neutral
blur_711.png,24.78852091687998,0.8456252,0.032071352,0.13452434539794922,3.171607255935669,neutral
blur_712.png,20.466507741593,0.71829295,0.04853858,0.25438499450683594,5.294933795928955,neutral
blur_713.png,28.054973735266874,0.8932732,0.02663987,0.062459588050842285,3.103851556777954,neutral
blur_714.png,20.478844597930124,0.68093294,0.050344568,0.2435203492641449,4.107290744781494,neutral
blur_715.png,25.524312098160266,0.83930916,0.03139465,0.09375230967998505,2.905825614929199,neutral
blur_716.png,20.509749967673073,0.65140694,0.050925564,0.25470829010009766,3.735966682434082,neutral
blur_717.png,23.97544951737165,0.82044154,0.03697944,0.11677277833223343,3.396780490875244,neutral
blur_718.png,21.152976046227046,0.685375,0.044768307,0.21483121812343597,3.191230297088623,neutral
blur_719.png,25.686449506913558,0.876194,0.0345183,0.0787605494260788,3.461583375930786,neutral
blur_720.png,19.992297362394154,0.6457879,0.0529298,0.28220242261886597,5.332707405090332,bad
blur_721.png,26.378381833722536,0.8543356,0.029474117,0.10125040262937546,2.8136332035064697,neutral
blur_722.png,20.826137386048508,0.7359333,0.049952224,0.20798709988594055,4.755025386810303,neutral
blur_723.png,22.666579255982366,0.772024,0.039136972,0.1846531182527542,3.9102790355682373,neutral
blur_724.png,22.972097476081068,0.77114016,0.03207783,0.14624568819999695,2.9395089149475098,neutral
blur_725.png,23.44303100017326,0.78938895,0.03103417,0.14642484486103058,2.502549409866333,neutral
blur_726.png,22.193284831846047,0.77145296,0.033844527,0.16847506165504456,2.5029256343841553,neutral
blur_727.png,26.83947122662147,0.8736637,0.02253656,0.11845757067203522,2.4711053371429443,neutral
blur_728.png,22.08879698238574,0.7531516,0.033420984,0.18115459382534027,2.6817734241485596,neutral
blur_729.png,19.09343341220227,0.6327227,0.05143857,0.2730446457862854,3.2112059593200684,bad
blur_730.png,19.585727181523737,0.6357319,0.048819643,0.23910650610923767,2.8507602214813232,bad
blur_731.png,18.514882417650462,0.6284915,0.055048164,0.3324469327926636,3.9575700759887695,bad
blur_732.png,23.155867675524618,0.7957395,0.030739555,0.22477252781391144,2.3039443492889404,neutral
blur_733.png,29.849482551166112,0.9202278,0.019120974,0.06395172327756882,2.2288055419921875,neutral
blur_734.png,25.418475721917048,0.8596999,0.024673998,0.10885216295719147,2.5598971843719482,neutral
blur_735.png,22.59505954082816,0.74910134,0.03426383,0.15160590410232544,3.111809492111206,neutral
blur_736.png,24.393840538192922,0.791604,0.027791008,0.12093256413936615,2.53948712348938,neutral
blur_737.png,22.860764325982792,0.768615,0.032177992,0.1641535460948944,2.9354145526885986,neutral
blur_738.png,20.560071508003883,0.6660862,0.04083905,0.21493414044380188,2.8503029346466064,neutral
blur_739.png,25.54152667594569,0.856978,0.025114672,0.1132720410823822,2.7101430892944336,neutral
blur_740.png,24.45124926424448,0.81226355,0.027900996,0.1420230120420456,3.034029960632324,neutral
blur_741.png,22.05963177140569,0.7365466,0.035747606,0.1598626971244812,2.462888479232788,neutral
blur_742.png,23.55976940726022,0.79332733,0.03228328,0.15674038231372833,2.5011465549468994,neutral
blur_743.png,23.229856304811747,0.797839,0.030635038,0.13735665380954742,2.434807062149048,neutral
blur_744.png,23.86249945687705,0.75589854,0.03554897,0.13185200095176697,2.355792284011841,neutral
blur_745.png,30.410227816820594,0.9034128,0.01818219,0.035366564989089966,2.4073069095611572,good
blur_746.png,28.47960108655772,0.8938059,0.02410794,0.057384029030799866,2.6777262687683105,neutral
blur_747.png,28.35186803663232,0.87084156,0.021831302,0.0528612956404686,1.689199686050415,neutral
blur_748.png,20.681736785242727,0.6291341,0.05191431,0.27378445863723755,3.4307661056518555,neutral
blur_749.png,24.322722267722238,0.7797609,0.03098352,0.13990655541419983,2.2650952339172363,neutral
blur_750.png,21.832987728225962,0.68496484,0.041903023,0.18184734880924225,2.789546012878418,neutral
blur_751.png,21.561864419470524,0.6685703,0.04275325,0.13064822554588318,2.951664924621582,neutral
blur_752.png,24.235020593882027,0.80560905,0.03620523,0.1104910597205162,2.7288951873779297,neutral
blur_753.png,21.51714931891776,0.6965459,0.044395965,0.19119499623775482,2.6357622146606445,neutral
blur_754.png,26.302257855017604,0.84212035,0.026865581,0.06720047444105148,2.0804667472839355,neutral
blur_755.png,26.417016578147788,0.8728319,0.029676236,0.047095056623220444,2.8154513835906982,neutral
blur_756.png,32.903208766853936,0.9286993,0.014895092,0.033054158091545105,2.1489055156707764,good
blur_757.png,28.692839039223223,0.8829902,0.019987486,0.051595911383628845,1.675592303276062,neutral
blur_758.png,27.375682860396427,0.8710435,0.021638775,0.05579807236790657,2.306735038757324,neutral
blur_759.png,26.639140023857173,0.83498406,0.023533821,0.059303127229213715,1.832318902015686,neutral
blur_760.png,30.03409190326242,0.89924765,0.017713882,0.05072131007909775,1.9767621755599976,good
blur_761.png,28.62726423463783,0.87400657,0.020966105,0.06157061085104942,2.5878758430480957,neutral
blur_762.png,28.23693781793102,0.8605528,0.02165311,0.07240913808345795,1.5156760215759277,neutral
blur_763.png,29.59574797386674,0.89401025,0.01979661,0.05346832424402237,1.6042394638061523,neutral
blur_764.png,22.80633644391532,0.8109334,0.03599027,0.12511074542999268,2.497671604156494,neutral
blur_765.png,22.131755855897758,0.7382214,0.039611515,0.18044258654117584,3.8450751304626465,neutral
blur_766.png,26.67180833653095,0.882935,0.025748184,0.09050691872835159,3.2255375385284424,neutral
blur_767.png,23.701878918819695,0.80431175,0.035513613,0.09861594438552856,3.257089376449585,neutral
blur_768.png,26.81653385414823,0.8930416,0.026205303,0.07092678546905518,3.002232789993286,neutral
blur_769.png,28.83743077767296,0.92771983,0.021298647,0.06355748325586319,2.986753463745117,neutral
blur_770.png,23.17130443085162,0.76983184,0.037487995,0.12475568056106567,3.288630485534668,neutral
blur_771.png,27.3694363284664,0.89948654,0.024988154,0.07184921205043793,3.040755271911621,neutral
blur_772.png,26.0682434415015,0.87091845,0.023461737,0.09364938735961914,3.1018455028533936,neutral
blur_773.png,22.389175557577783,0.77286434,0.038932767,0.16440072655677795,3.133366107940674,neutral
blur_774.png,21.383904357882557,0.72970676,0.04443575,0.26665470004081726,3.704444646835327,neutral
blur_775.png,23.266497170999894,0.8054533,0.03559174,0.08162393420934677,3.3561713695526123,neutral
blur_776.png,23.56847563455463,0.8003008,0.033890557,0.08332716673612595,3.2707643508911133,neutral
blur_777.png,24.062855782032088,0.8296849,0.031122113,0.09617786109447479,3.6010050773620605,neutral
blur_778.png,28.955847497942884,0.9310469,0.02270662,0.056176021695137024,3.481254816055298,neutral
blur_779.png,24.200929975575875,0.83599997,0.033581316,0.1127547100186348,3.305149555206299,neutral
blur_780.png,26.254284311357235,0.8870056,0.025341893,0.09139721095561981,3.741175651550293,neutral
blur_781.png,20.919187269076573,0.6820702,0.050248597,0.17647108435630798,3.54580020904541,neutral
blur_782.png,29.440497324459862,0.92594486,0.021217903,0.05553746968507767,2.9235634803771973,neutral
blur_783.png,29.916012309180676,0.9063945,0.021267012,0.04244859144091606,2.019826889038086,neutral
blur_784.png,31.408024917234812,0.9259531,0.018948847,0.03542058542370796,2.0855367183685303,good
blur_785.png,30.277489314217583,0.91771764,0.02031628,0.0382547453045845,2.0901544094085693,good
blur_786.png,28.77287266272407,0.89627695,0.023536677,0.06846374273300171,2.237377166748047,neutral
blur_787.png,25.024560756186606,0.7906906,0.03025385,0.14115650951862335,2.798849582672119,neutral
blur_788.png,28.22786306428253,0.87969846,0.023584345,0.07743716984987259,2.3557841777801514,neutral
blur_789.png,29.989754573258658,0.9104797,0.021237107,0.07021169364452362,2.054305076599121,neutral
blur_790.png,26.114212817374316,0.8433873,0.02773354,0.15200471878051758,2.30657958984375,neutral
blur_791.png,27.15679014086756,0.8667197,0.026005121,0.09908632189035416,2.357565402984619,neutral
blur_792.png,27.902911910059714,0.8643051,0.024141887,0.05013243108987808,2.102693557739258,neutral
blur_793.png,28.038428430218303,0.8728838,0.02424494,0.09669707715511322,2.050715923309326,neutral
blur_794.png,29.9243127060543,0.90868807,0.021241182,0.07006116211414337,1.9577597379684448,neutral
blur_795.png,28.60902699878984,0.89025635,0.02270285,0.09243157505989075,2.13381290435791,neutral
blur_796.png,28.67513054407274,0.8928234,0.022527827,0.08932830393314362,2.141507387161255,neutral
blur_797.png,27.725429101103003,0.86290103,0.02442137,0.10175058245658875,2.2158353328704834,neutral
blur_798.png,27.623546585542282,0.8787608,0.024492562,0.0808684229850769,2.2179412841796875,neutral
blur_799.png,29.921266093992706,0.91257715,0.02145861,0.04959367960691452,2.0326974391937256,neutral
blur_800.png,29.652526636791933,0.90215874,0.021302573,0.07862572371959686,2.0426747798919678,neutral
blur_801.png,28.019242981192946,0.8744754,0.024517296,0.0465366430580616,2.3620963096618652,neutral
blur_802.png,28.12861600025521,0.8753519,0.023888841,0.11000208556652069,2.4259016513824463,neutral
blur_803.png,23.698527942808347,0.8093814,0.0358367,0.10981003940105438,1.6367762088775635,neutral
blur_804.png,21.019817956088342,0.6695614,0.04853916,0.14624471962451935,2.2727699279785156,neutral
blur_805.png,19.87645215937659,0.6032205,0.056058377,0.22697103023529053,1.6130568981170654,bad
blur_806.png,28.91665110686724,0.92517155,0.022309542,0.060170747339725494,1.4714833498001099,neutral
blur_807.png,21.014005305309187,0.72823364,0.048625518,0.17861442267894745,1.9041646718978882,neutral
blur_808.png,25.959196587100763,0.8872161,0.03016243,0.09216921031475067,1.7681238651275635,neutral
blur_809.png,18.161635495477572,0.49628472,0.06961572,0.24002739787101746,2.1505942344665527,bad
blur_810.png,21.938497727425936,0.74463195,0.04459673,0.16213014721870422,1.870752215385437,neutral
blur_811.png,21.65810322626587,0.7175239,0.044555377,0.1441042274236679,1.6462666988372803,neutral
blur_812.png,23.815917902800933,0.83164364,0.035749476,0.10673500597476959,1.7451385259628296,neutral
blur_813.png,24.472138653022554,0.8427871,0.03320994,0.13492515683174133,1.5602470636367798,neutral
blur_814.png,27.15478771599539,0.90660983,0.024875099,0.07968209683895111,1.6436593532562256,neutral
blur_815.png,21.170510900121073,0.71081144,0.048558917,0.15108568966388702,2.1690073013305664,neutral
blur_816.png,22.01778281618559,0.74822307,0.042043615,0.14166800677776337,1.8763914108276367,neutral
blur_817.png,22.013244424013976,0.7766964,0.043299604,0.11392873525619507,2.5441665649414062,neutral
blur_818.png,22.735702051786866,0.7851899,0.039216515,0.1412709355354309,1.6161662340164185,neutral
blur_819.png,25.276116729819016,0.86643744,0.029791407,0.09054773300886154,1.5225234031677246,neutral
blur_820.png,21.80786385574905,0.7414534,0.044045884,0.1385003626346588,1.5848582983016968,neutral
blur_821.png,19.36058962304154,0.5518843,0.0603594,0.18537461757659912,1.7442036867141724,bad
blur_822.png,20.213641632452646,0.61765903,0.05322313,0.19862958788871765,1.6693037748336792,neutral
blur_823.png,22.376242056580935,0.77833056,0.040853176,0.10122798383235931,3.2764692306518555,neutral
blur_824.png,19.38573953032266,0.6497857,0.056044713,0.19589242339134216,3.4396936893463135,bad
blur_825.png,25.159777163000392,0.87512857,0.03205922,0.07358524948358536,2.866682291030884,neutral
blur_826.png,20.01229309054985,0.6977579,0.053843316,0.1599918156862259,3.1210625171661377,neutral
blur_827.png,20.541819742033375,0.71065307,0.04852535,0.1888934075832367,3.4399359226226807,neutral
blur_828.png,15.917666499179601,0.5608334,0.09182659,0.32071033120155334,3.9527363777160645,bad
blur_829.png,15.781270954812772,0.56827384,0.093227245,0.2849699854850769,3.938439130783081,bad
blur_830.png,17.065594576710573,0.5798699,0.074046195,0.26609310507774353,3.801439046859741,bad
blur_831.png,20.020160620960663,0.72633487,0.050349146,0.21161240339279175,3.310532331466675,neutral
blur_832.png,14.887924059562474,0.56014115,0.103940435,0.39123839139938354,4.081202507019043,bad
blur_833.png,22.456543033327318,0.7962211,0.0407702,0.09298510104417801,3.040126085281372,neutral
blur_834.png,14.65497573149301,0.5264806,0.11439115,0.4201386272907257,4.208690643310547,bad
blur_835.png,18.735803931799207,0.66483706,0.06149042,0.19104762375354767,3.582287311553955,bad
blur_836.png,20.019532855238058,0.73007774,0.058488365,0.1661323606967926,3.577674388885498,neutral
blur_837.png,22.767165286351272,0.8142492,0.038977366,0.13358674943447113,3.436001777648926,neutral
blur_838.png,17.270951897660805,0.5898207,0.07365709,0.31924962997436523,3.7055513858795166,bad
blur_839.png,22.20942772528499,0.7827325,0.040568743,0.12326014786958694,3.293491840362549,neutral
blur_840.png,24.00606575838077,0.83795977,0.03512952,0.09963598847389221,3.262042999267578,neutral
blur_841.png,20.35376904496836,0.7234986,0.048662018,0.20141364634037018,3.1047592163085938,neutral
blur_842.png,15.932087492802074,0.58621126,0.08952197,0.3078584372997284,3.9897549152374268,bad
blur_843.png,32.7599182336699,0.9312215,0.014384621,0.07121399790048599,2.548966884613037,good
blur_844.png,30.76782871624397,0.91020757,0.01792077,0.07954728603363037,2.519496202468872,good
blur_845.png,23.867156289205766,0.7244378,0.032432403,0.2057347446680069,3.018585443496704,neutral
blur_846.png,23.598270005211717,0.73324436,0.036030874,0.23167715966701508,3.4318461418151855,neutral
blur_847.png,28.379024117873573,0.8965526,0.023979733,0.10562397539615631,2.608888864517212,neutral
blur_848.png,24.670579123773578,0.8114486,0.0313811,0.13898126780986786,2.835617780685425,neutral
blur_849.png,33.33322707646568,0.9336017,0.01413754,0.06430105865001678,2.219521999359131,good
blur_850.png,24.293074038697124,0.71556646,0.032441005,0.1332702785730362,3.1288774013519287,neutral
blur_851.png,23.70862616444223,0.74348134,0.032722186,0.1993621289730072,2.934329032897949,neutral
blur_852.png,25.80216953360587,0.8513067,0.02825923,0.08845096826553345,2.9548287391662598,neutral
blur_853.png,28.125681357354072,0.8576117,0.020724624,0.12597718834877014,2.786177396774292,neutral
blur_854.png,32.110643640486884,0.8956688,0.016382987,0.06929183751344681,2.4443442821502686,good
blur_855.png,25.77215668583872,0.8207938,0.025649942,0.1354270726442337,2.517402172088623,neutral
blur_856.png,25.82006619520402,0.83246255,0.024237774,0.1422785073518753,2.958881139755249,neutral
blur_857.png,24.171848414420417,0.76713943,0.032709863,0.18814992904663086,3.153559446334839,neutral
blur_858.png,26.327954250611285,0.86529136,0.021369012,0.09599985182285309,2.4473254680633545,neutral
blur_859.png,28.979326264717045,0.8880539,0.024679484,0.07692813873291016,2.8015217781066895,neutral
blur_860.png,31.506766906943902,0.9248268,0.015835127,0.07509388029575348,2.4867289066314697,good
blur_861.png,25.882985310953334,0.8306803,0.027003238,0.12827235460281372,3.0704023838043213,neutral
blur_862.png,27.1959051422296,0.840132,0.02183692,0.10594654083251953,2.669248580932617,neutral
blur_863.png,30.816349239319987,0.8447525,0.01796081,0.07674463093280792,1.4910396337509155,good
blur_864.png,27.511997962136874,0.7630038,0.022847792,0.2007274031639099,1.5676831007003784,neutral
blur_865.png,29.909307440246057,0.83538413,0.017405098,0.08837465941905975,1.316167950630188,neutral
blur_866.png,28.91924142262017,0.8169181,0.019674541,0.14118081331253052,2.6381404399871826,neutral
blur_867.png,30.57146407385114,0.8317998,0.017346574,0.11010920256376266,1.637576699256897,good
blur_868.png,29.3859995441583,0.80687165,0.019994393,0.1180616170167923,2.093424081802368,neutral
blur_869.png,25.349684127949953,0.72519714,0.026826134,0.3070148825645447,1.7057768106460571,neutral
blur_870.png,31.25109519423344,0.85214335,0.015843727,0.11959395557641983,1.3918818235397339,good
blur_871.png,29.424468176251402,0.8266494,0.01943305,0.11724327504634857,1.887540578842163,neutral
blur_872.png,30.00853537768961,0.83690685,0.017410804,0.09947973489761353,1.3853498697280884,good
blur_873.png,28.03625688866612,0.78028375,0.02091459,0.20250514149665833,2.059166431427002,neutral
blur_874.png,27.09494657525983,0.7440386,0.023452627,0.21675053238868713,1.217188835144043,neutral
blur_875.png,30.546241905196556,0.8580534,0.016974254,0.09059552848339081,1.5776116847991943,good
blur_876.png,29.79810662571607,0.82059765,0.019496832,0.08654627203941345,1.736620306968689,neutral
blur_877.png,31.148141749274703,0.85541755,0.018423498,0.0784333348274231,1.6637799739837646,good
blur_878.png,26.051736095014565,0.71211964,0.026181689,0.23009680211544037,2.227360486984253,neutral
blur_879.png,25.345724967317175,0.6762262,0.027148299,0.19253158569335938,1.397674798965454,neutral
blur_880.png,29.55464552980693,0.84529656,0.017967016,0.13121914863586426,1.2390589714050293,neutral
blur_881.png,30.213713487951203,0.83628887,0.017833209,0.11958064138889313,1.659964919090271,good
blur_882.png,26.03585297197062,0.730202,0.025248485,0.17012713849544525,1.4025516510009766,neutral
blur_883.png,26.742688138160222,0.79292727,0.021155715,0.08485984057188034,2.968122720718384,neutral
blur_884.png,29.85645072893106,0.8702194,0.015526478,0.08998465538024902,2.0259344577789307,neutral
blur_885.png,28.132572726966067,0.8387863,0.017976843,0.07542626559734344,2.0656144618988037,neutral
blur_886.png,27.452570886927678,0.80804664,0.020770686,0.15835875272750854,3.144247055053711,neutral
blur_887.png,24.785968518961635,0.7578161,0.02611322,0.15674662590026855,3.2744622230529785,neutral
blur_888.png,23.19075438097733,0.7224367,0.032072276,0.22514888644218445,3.342905044555664,neutral
blur_889.png,33.5230959810405,0.92262506,0.012303836,0.048260580748319626,3.2432680130004883,good
blur_890.png,29.530489671341318,0.88063747,0.016110577,0.08702541887760162,3.3025739192962646,neutral
blur_891.png,25.047128161543938,0.75284743,0.025734834,0.15460731089115143,3.324108839035034,neutral
blur_892.png,31.081723040204995,0.8931246,0.014148372,0.08881529420614243,1.9596350193023682,good
blur_893.png,28.308573486811444,0.8522701,0.017824752,0.06623749434947968,1.6251548528671265,neutral
blur_894.png,23.65124802956521,0.7273825,0.029976495,0.20100131630897522,1.8018687963485718,neutral
blur_895.png,25.816690042630558,0.7960134,0.023030529,0.15613335371017456,2.441477060317993,neutral
blur_896.png,29.919854767950728,0.86773396,0.016080009,0.07849930226802826,3.5404140949249268,neutral
blur_897.png,29.231494891155485,0.8606196,0.017159222,0.11960975080728531,3.1636621952056885,neutral
blur_898.png,24.36331399609147,0.74343544,0.027630175,0.18741396069526672,2.807870864868164,neutral
blur_899.png,25.07928477794135,0.7527628,0.02511861,0.14754928648471832,2.8380980491638184,neutral
blur_900.png,25.56937625799952,0.7540851,0.025132298,0.16407310962677002,3.129237174987793,neutral
blur_901.png,31.95722433494136,0.9093476,0.01702474,0.05559924989938736,1.4703853130340576,good
blur_902.png,31.65966491568607,0.91751856,0.019068057,0.06185932457447052,1.552291750907898,good
blur_903.png,30.645291659000414,0.903421,0.019527286,0.0890139788389206,1.6754738092422485,good
blur_904.png,29.26708491927083,0.8795641,0.020038208,0.07777279615402222,1.652019739151001,neutral
blur_905.png,31.55904732896603,0.9172136,0.018971099,0.04986186698079109,1.65613853931427,good
blur_906.png,31.65717508643892,0.91566247,0.018640555,0.05270582437515259,1.7710710763931274,good
blur_907.png,31.574076844636465,0.9223721,0.018824989,0.048771798610687256,1.3171480894088745,good
blur_908.png,31.63940485508882,0.9185987,0.019151123,0.047299839556217194,1.5601810216903687,good
blur_909.png,28.952390289340943,0.8707726,0.021435255,0.09296911954879761,1.6323908567428589,neutral
blur_910.png,31.920780021170273,0.9160635,0.018561153,0.054212506860494614,1.4734177589416504,good
blur_911.png,31.437643860760552,0.89515305,0.018384928,0.07250789552927017,1.4345797300338745,good
blur_912.png,31.203212844479733,0.8915584,0.017109115,0.07949396222829819,1.4038209915161133,good
blur_913.png,30.34378976766853,0.90064925,0.020974942,0.08570010960102081,1.5893508195877075,good
blur_914.png,32.40814786105655,0.9171765,0.016857112,0.051031552255153656,1.8647041320800781,good
blur_915.png,31.75203769244485,0.9224246,0.0191434,0.055262576788663864,1.640057921409607,good
blur_916.png,28.41728762035434,0.84369445,0.022337362,0.12068066000938416,1.662760853767395,neutral
blur_917.png,32.53192731685999,0.92380565,0.017698733,0.045330192893743515,1.433123230934143,good
blur_918.png,31.530254026231745,0.91540796,0.018715622,0.08601751923561096,1.3844813108444214,good
blur_919.png,28.085007186780476,0.81870824,0.023347376,0.10772694647312164,1.460505485534668,neutral
blur_920.png,30.931353438568635,0.88914603,0.018286444,0.08808619529008865,1.3695800304412842,good
blur_921.png,26.95225828622771,0.87634754,0.021868514,0.09473852813243866,1.9827477931976318,neutral
blur_922.png,27.734804494103123,0.8918471,0.022635246,0.09562288224697113,1.914318561553955,neutral
blur_923.png,23.894378563707495,0.84557056,0.028095476,0.17073839902877808,2.7748169898986816,neutral
blur_924.png,25.24704467240658,0.84820336,0.02557356,0.14745357632637024,2.7689242362976074,neutral
blur_925.png,22.41416708712659,0.76961714,0.0350363,0.2499661147594452,3.247659683227539,neutral
blur_926.png,28.23711401502239,0.8863036,0.021972299,0.1251765936613083,2.108120918273926,neutral
blur_927.png,23.71611617362128,0.8090024,0.029393353,0.2600424289703369,2.9085967540740967,neutral
blur_928.png,28.53238834786396,0.8645242,0.02128847,0.1500069946050644,3.0577337741851807,neutral
blur_929.png,26.168248531324995,0.8427269,0.02534389,0.15938706696033478,2.7304089069366455,neutral
blur_930.png,28.95931939653117,0.9032801,0.017325187,0.09110121428966522,2.4736130237579346,neutral
blur_931.png,31.683271126491405,0.93172663,0.01600063,0.05941716954112053,2.2379729747772217,good
blur_932.png,24.88913260417903,0.7913869,0.029638948,0.2233123779296875,3.4380218982696533,neutral
blur_933.png,28.358345110634474,0.9126033,0.020870814,0.06876157224178314,1.8324899673461914,neutral
blur_934.png,30.071226119511717,0.93775153,0.020193791,0.059295546263456345,1.9932812452316284,good
blur_935.png,30.358168598625394,0.9266129,0.017064737,0.06524713337421417,1.7685316801071167,good
blur_936.png,21.990881120463147,0.79568845,0.033158135,0.23361118137836456,3.2367162704467773,neutral
blur_937.png,28.548595710726886,0.8275966,0.0210697,0.16055239737033844,2.943855047225952,neutral
blur_938.png,27.716515574242827,0.88488823,0.02150548,0.09903716295957565,1.847381591796875,neutral
blur_939.png,23.979919147581327,0.83299583,0.02723056,0.16913607716560364,3.7260570526123047,neutral
blur_940.png,23.785521247724105,0.76960176,0.030791454,0.22784611582756042,3.6178388595581055,neutral
blur_941.png,27.35596312726926,0.84566134,0.026454933,0.08023159205913544,3.069305181503296,neutral
blur_942.png,28.169992525921437,0.8619876,0.024698973,0.06390904635190964,3.4831559658050537,neutral
blur_943.png,27.85140113197924,0.86960906,0.02489314,0.07627780735492706,3.350674629211426,neutral
blur_944.png,28.72908005707241,0.86377066,0.022607824,0.05597979202866554,2.8876020908355713,neutral
blur_945.png,26.4011317211874,0.82042116,0.027647825,0.08276887983083725,3.350358724594116,neutral
blur_946.png,27.293036791985784,0.82795095,0.027498819,0.05175017565488815,2.9005696773529053,neutral
blur_947.png,27.53756224682911,0.8517831,0.026062878,0.08243188261985779,3.0111207962036133,neutral
blur_948.png,27.65666921772063,0.8425881,0.023089088,0.07133566588163376,2.735307455062866,neutral
blur_949.png,26.866771712204933,0.84039253,0.024505489,0.11481425911188126,3.1266582012176514,neutral
blur_950.png,25.998987723994993,0.77419394,0.027075,0.0784936472773552,2.903987407684326,neutral
blur_951.png,27.892933480279403,0.8495342,0.024247462,0.08876653015613556,3.4057090282440186,neutral
blur_952.png,30.278734991699178,0.8761098,0.018630251,0.06682530790567398,2.619843006134033,good
blur_953.png,28.995989437165342,0.8703008,0.022115732,0.07551449537277222,3.1126370429992676,neutral
blur_954.png,28.520397808190864,0.85664254,0.02348037,0.06578364223241806,3.2792422771453857,neutral
blur_955.png,24.4284059903651,0.78367263,0.029936433,0.12810184061527252,3.208864212036133,neutral
blur_956.png,24.040078985876217,0.7543978,0.032606427,0.12671148777008057,3.922970771789551,neutral
blur_957.png,26.295122978473017,0.80831796,0.02621826,0.13562209904193878,3.1336114406585693,neutral
blur_958.png,28.082269929433057,0.874749,0.025918014,0.048399630934000015,3.2357587814331055,neutral
blur_959.png,24.168646398694303,0.7592244,0.030046651,0.17529088258743286,3.1935486793518066,neutral
blur_960.png,26.29346491270499,0.7997139,0.025463944,0.09274393320083618,2.932018756866455,neutral
blur_961.png,25.394316118934178,0.8439343,0.022588084,0.12839250266551971,2.556490659713745,neutral
blur_962.png,24.847007989313205,0.80389374,0.025583202,0.17782409489154816,2.675577163696289,neutral
blur_963.png,27.279788717313526,0.87490505,0.018413693,0.1018199771642685,1.7765111923217773,neutral
blur_964.png,26.445068601767517,0.871728,0.018497868,0.07246961444616318,2.080939769744873,neutral
blur_965.png,27.11282201771202,0.83775383,0.02038224,0.10544779151678085,2.4377095699310303,neutral
blur_966.png,25.61840931575486,0.8454795,0.020446802,0.10121655464172363,1.6491135358810425,neutral
blur_967.png,25.922944778582906,0.8404532,0.020252926,0.13721448183059692,1.7016416788101196,neutral
blur_968.png,27.19945740666409,0.8396303,0.020577522,0.06967650353908539,2.7076213359832764,neutral
blur_969.png,25.54807445999524,0.80242413,0.023560956,0.16889871656894684,2.1030383110046387,neutral
blur_970.png,24.824924231040924,0.8128977,0.023781741,0.17017406225204468,3.2675607204437256,neutral
blur_971.png,23.79824703298751,0.82613087,0.0239448,0.15129859745502472,2.5058882236480713,neutral
blur_972.png,26.882360252247764,0.8622796,0.01753035,0.0714523196220398,1.0665273666381836,neutral
blur_973.png,26.20289007408109,0.8317192,0.022844344,0.11607712507247925,2.741297483444214,neutral
blur_974.png,27.416369277780635,0.88888675,0.017400026,0.09791354089975357,1.7675575017929077,neutral
blur_975.png,27.522287927581772,0.8633905,0.019430675,0.09227383136749268,1.6754283905029297,neutral
blur_976.png,27.839643831970953,0.8509793,0.017239839,0.07597469538450241,1.5686708688735962,neutral
blur_977.png,22.73916730980536,0.7393193,0.02964349,0.1523793637752533,2.864288568496704,neutral
blur_978.png,24.23863150358798,0.7999811,0.025852293,0.17531836032867432,2.6236400604248047,neutral
blur_979.png,27.49233882808294,0.879839,0.018259281,0.07603203505277634,2.3707001209259033,neutral
blur_980.png,21.23239479346925,0.72102,0.034691885,0.21190707385540009,3.094646453857422,neutral
